model_name,seed,metric,preprocess_mode,task_mode,pooling,n_per_color,run_n_per_color,n_stored_per_color,square_size,ident_noise_std,ident_max_shift,ident_occlusion_frac,ident_decision_noise_std,color_only_jitter_std,layer,ident_accuracy,ident_avg_target_sim,ident_avg_best_wrong_sim,ident_avg_margin,gen_accuracy,gen_avg_target_sim,gen_avg_best_wrong_sim,gen_avg_margin,avg_margin
vit_base_patch16_224,0,cosine,l2_only,mixed_color_position,cls,12,12,2,56,5.0,2,0.5,0.01,0.0,layer_0,0.0,0.9997946470975876,0.9998046706120173,-1.002351442972819e-05,60.0,0.9999916901191076,0.9999900499979655,1.6401211420694986e-06,-4.191696643829345e-06
vit_base_patch16_224,0,cosine,l2_only,mixed_color_position,cls,12,12,2,56,5.0,2,0.5,0.01,0.0,layer_11,0.0,0.9627355883518854,0.9666624466578165,-0.003926858305931091,46.666666666666664,0.9969618101914723,0.9974276105562846,-0.00046580036481221515,-0.002196329335371653
vit_base_patch16_224,0,cosine,l2_only,mixed_color_position,cls,12,12,2,56,5.0,2,0.5,0.01,0.0,layer_6,0.0,0.9693898210922877,0.9729528278112411,-0.0035630067189534507,50.0,0.997958226998647,0.9981152772903442,-0.00015705029169718425,-0.0018600285053253175
vit_base_patch16_224,0,cosine,l2_only,mixed_color_position,cls,12,12,4,56,5.0,2,0.5,0.01,0.0,layer_0,4.166666666666666,0.9997995297114054,0.9998139292001724,-1.4399488766988119e-05,54.166666666666664,0.999992652485768,0.9999926661451658,-1.3659397761027018e-08,-7.206574082374573e-06
vit_base_patch16_224,0,cosine,l2_only,mixed_color_position,cls,12,12,4,56,5.0,2,0.5,0.01,0.0,layer_11,4.166666666666666,0.9634389728307724,0.9690560301144918,-0.00561705728371938,25.0,0.9972171150147915,0.997843058158954,-0.000625943144162496,-0.003121500213940938
vit_base_patch16_224,0,cosine,l2_only,mixed_color_position,cls,12,12,4,56,5.0,2,0.5,0.01,0.0,layer_6,0.0,0.9702334702014923,0.9772174408038458,-0.006983970602353414,27.083333333333332,0.9979972988367081,0.9986363252003988,-0.0006390263636906942,-0.0038114984830220537
vit_base_patch16_224,0,cosine,l2_only,mixed_color_position,cls,12,12,6,56,5.0,2,0.5,0.01,0.0,layer_0,2.7777777777777777,0.9997908969720205,0.9998126725355784,-2.1775563557942707e-05,63.888888888888886,0.9999949567847781,0.9999937862157822,1.1705689960055881e-06,-1.0302497280968559e-05
vit_base_patch16_224,0,cosine,l2_only,mixed_color_position,cls,12,12,6,56,5.0,2,0.5,0.01,0.0,layer_11,2.7777777777777777,0.9622398747338189,0.9674434181716707,-0.0052035434378518,16.666666666666664,0.997025705046124,0.9978443615966373,-0.0008186565505133735,-0.0030110999941825867
vit_base_patch16_224,0,cosine,l2_only,mixed_color_position,cls,12,12,6,56,5.0,2,0.5,0.01,0.0,layer_6,2.7777777777777777,0.9695256600777308,0.9768251048194038,-0.00729944474167294,19.444444444444446,0.99792190723949,0.9986663675970502,-0.0007444603575600518,-0.004021952549616496
vit_base_patch16_224,0,cosine,l2_only,color_only,cls,12,12,2,56,5.0,2,0.5,0.01,8.0,layer_0,0.0,0.9997797658046087,0.9997827112674713,-2.9454628626505532e-06,85.0,1.0000000466903052,0.9999999662240346,8.046627044677735e-08,-1.432498296101888e-06
vit_base_patch16_224,0,cosine,l2_only,color_only,cls,12,12,2,56,5.0,2,0.5,0.01,8.0,layer_11,0.0,0.9641739428043365,0.968058650692304,-0.0038847078879674277,93.33333333333333,0.9998450656731923,0.9995989749828974,0.0002460906902949015,-0.001819308598836263
vit_base_patch16_224,0,cosine,l2_only,color_only,cls,12,12,2,56,5.0,2,0.5,0.01,8.0,layer_6,0.0,0.9712203592061996,0.9735957135756811,-0.0023753543694814048,93.33333333333333,0.9999133348464966,0.999799566467603,0.00011376837889353434,-0.0011307929952939352
vit_base_patch16_224,0,cosine,l2_only,color_only,cls,12,12,4,56,5.0,2,0.5,0.01,8.0,layer_0,4.166666666666666,0.9997852543989817,0.9997884357968966,-3.1813979148864746e-06,91.66666666666666,1.0000000509123008,1.0000000956157844,-4.470348358154297e-08,-1.6130506992340088e-06
vit_base_patch16_224,0,cosine,l2_only,color_only,cls,12,12,4,56,5.0,2,0.5,0.01,8.0,layer_11,4.166666666666666,0.9648513371745745,0.9688363298773766,-0.003984992702802022,83.33333333333334,0.999908364067475,0.9997985934217771,0.00010977064569791158,-0.0019376110285520551
vit_base_patch16_224,0,cosine,l2_only,color_only,cls,12,12,4,56,5.0,2,0.5,0.01,8.0,layer_6,4.166666666666666,0.9715252096454302,0.9740261708696684,-0.0025009612242380777,87.5,0.9999422381321589,0.9998845358689626,5.770226319630941e-05,-0.001221629480520884
vit_base_patch16_224,0,cosine,l2_only,color_only,cls,12,12,6,56,5.0,2,0.5,0.01,8.0,layer_0,2.7777777777777777,0.9997788816690445,0.9997825506660674,-3.668997022840712e-06,83.33333333333334,1.0000000612603293,1.000000125832028,-6.457169850667317e-08,-1.8667843606736926e-06
vit_base_patch16_224,0,cosine,l2_only,color_only,cls,12,12,6,56,5.0,2,0.5,0.01,8.0,layer_11,2.7777777777777777,0.9627405305703481,0.9670881811115477,-0.004347650541199578,83.33333333333334,0.9999232275618447,0.9998865409029855,3.668665885925293e-05,-0.0021554819411701625
vit_base_patch16_224,0,cosine,l2_only,color_only,cls,12,12,6,56,5.0,2,0.5,0.01,8.0,layer_6,2.7777777777777777,0.9703847716252009,0.9734377910693487,-0.0030530194441477456,83.33333333333334,0.9999429798788495,0.9999072866307365,3.569324811299642e-05,-0.0015086630980173745
vit_base_patch16_224,0,cosine,l2_only,position_only,cls,12,72,2,56,5.0,2,0.5,0.01,0.0,layer_0,50.0,0.9997692406177521,0.999769002199173,2.384185791015625e-07,82.85714285714286,0.9999976090022495,0.9999965505940573,1.058408192225865e-06,6.484133856637137e-07
vit_base_patch16_224,0,cosine,l2_only,position_only,cls,12,72,2,56,5.0,2,0.5,0.01,0.0,layer_11,50.0,0.9697431027889252,0.9697163701057434,2.6732683181762695e-05,52.85714285714286,0.9892508132117135,0.9886243181569235,0.0006264950547899519,0.0003266138689858573
vit_base_patch16_224,0,cosine,l2_only,position_only,cls,12,72,2,56,5.0,2,0.5,0.01,0.0,layer_6,50.0,0.9826032221317291,0.9803676307201385,0.002235591411590576,52.85714285714286,0.9930857138974326,0.9928776613303594,0.00020805256707327705,0.0012218219893319266
vit_base_patch16_224,0,cosine,l2_only,position_only,cls,12,72,4,56,5.0,2,0.5,0.01,0.0,layer_0,0.0,0.9997643232345581,0.9997697174549103,-5.3942203521728516e-06,67.64705882352942,0.9999977744677487,0.9999972266309402,5.478368085973403e-07,-2.4231917717877557e-06
vit_base_patch16_224,0,cosine,l2_only,position_only,cls,12,72,4,56,5.0,2,0.5,0.01,0.0,layer_11,0.0,0.9696231931447983,0.9727933704853058,-0.0031701773405075073,35.294117647058826,0.9890775890911326,0.9948932475903455,-0.005815658499212826,-0.004492917919860166
vit_base_patch16_224,0,cosine,l2_only,position_only,cls,12,72,4,56,5.0,2,0.5,0.01,0.0,layer_6,25.0,0.9817308038473129,0.9832876771688461,-0.0015568733215332031,36.76470588235294,0.9928854160449084,0.9963591256562401,-0.0034737096113317155,-0.0025152914664324593
vit_base_patch16_224,0,cosine,l2_only,position_only,cls,12,72,6,56,5.0,2,0.5,0.01,0.0,layer_0,0.0,0.9997689624627432,0.9997731149196625,-4.152456919352214e-06,56.060606060606055,0.9999979355118491,0.9999976727095518,2.6280229741876776e-07,-1.944827310966723e-06
vit_base_patch16_224,0,cosine,l2_only,position_only,cls,12,72,6,56,5.0,2,0.5,0.01,0.0,layer_11,0.0,0.971242735783259,0.9745520750681559,-0.0033093392848968506,31.818181818181817,0.988984260595206,0.9956898418339816,-0.006705581238775542,-0.005007460261836197
vit_base_patch16_224,0,cosine,l2_only,position_only,cls,12,72,6,56,5.0,2,0.5,0.01,0.0,layer_6,0.0,0.9806062678496043,0.9825379550457001,-0.0019316871960957844,30.303030303030305,0.9933508381699071,0.9967113697167599,-0.0033605315468528056,-0.002646109371474295
vit_base_patch16_224,0,cosine,l2_only,mixed_color_position,mean_tokens,12,12,2,56,5.0,2,0.5,0.01,0.0,layer_0,0.0,0.9643314977486929,0.9649776717027029,-0.0006461739540100098,73.33333333333333,0.998336386680603,0.9978277762730916,0.0005086104075113933,-6.878177324930824e-05
vit_base_patch16_224,0,cosine,l2_only,mixed_color_position,mean_tokens,12,12,2,56,5.0,2,0.5,0.01,0.0,layer_11,0.0,0.9291455199321111,0.934692770242691,-0.005547250310579936,58.333333333333336,0.9950689901908238,0.9951618959506353,-9.290575981140137e-05,-0.0028200780351956686
vit_base_patch16_224,0,cosine,l2_only,mixed_color_position,mean_tokens,12,12,2,56,5.0,2,0.5,0.01,0.0,layer_6,0.0,0.8608033309380213,0.8718497256437937,-0.0110463947057724,58.333333333333336,0.9912859976291657,0.9904922763506572,0.0007937212785085042,-0.005126336713631948
vit_base_patch16_224,0,cosine,l2_only,mixed_color_position,mean_tokens,12,12,4,56,5.0,2,0.5,0.01,0.0,layer_0,4.166666666666666,0.9639301374554634,0.9651321073373159,-0.0012019698818524678,58.333333333333336,0.9983961644272009,0.9983401608963808,5.600353082021078e-05,-0.0005729831755161285
vit_base_patch16_224,0,cosine,l2_only,mixed_color_position,mean_tokens,12,12,4,56,5.0,2,0.5,0.01,0.0,layer_11,4.166666666666666,0.9307376941045126,0.9378582065304121,-0.007120512425899506,37.5,0.9949745610356331,0.996033833672603,-0.0010592726369698842,-0.004089892531434695
vit_base_patch16_224,0,cosine,l2_only,mixed_color_position,mean_tokens,12,12,4,56,5.0,2,0.5,0.01,0.0,layer_6,8.333333333333332,0.865779255827268,0.8804681450128555,-0.014688889185587565,37.5,0.9908420629799366,0.9927623694141706,-0.0019203064342339833,-0.008304597809910774
vit_base_patch16_224,0,cosine,l2_only,mixed_color_position,mean_tokens,12,12,6,56,5.0,2,0.5,0.01,0.0,layer_0,2.7777777777777777,0.9641592866844602,0.9656502968735166,-0.0014910101890563965,69.44444444444444,0.998790861831771,0.9985630893045001,0.00022777252727084688,-0.0006316188308927747
vit_base_patch16_224,0,cosine,l2_only,mixed_color_position,mean_tokens,12,12,6,56,5.0,2,0.5,0.01,0.0,layer_11,2.7777777777777777,0.9283273551199172,0.9357460174295638,-0.0074186623096466064,22.22222222222222,0.9946637054284414,0.9960545516676373,-0.0013908462391959296,-0.004404754274421268
vit_base_patch16_224,0,cosine,l2_only,mixed_color_position,mean_tokens,12,12,6,56,5.0,2,0.5,0.01,0.0,layer_6,2.7777777777777777,0.862537349263827,0.8782598260376189,-0.015722476773791842,25.0,0.9907210485802757,0.993195331758923,-0.0024742831786473594,-0.0090983799762196
vit_base_patch16_224,0,cosine,l2_only,color_only,mean_tokens,12,12,2,56,5.0,2,0.5,0.01,8.0,layer_0,0.0,0.9631103326876959,0.9641927083333334,-0.0010823756456375122,90.0,0.9999860246976217,0.9999664574861526,1.9567211469014487e-05,-0.0005314042170842489
vit_base_patch16_224,0,cosine,l2_only,color_only,mean_tokens,12,12,2,56,5.0,2,0.5,0.01,8.0,layer_11,0.0,0.9310178110996882,0.934627557794253,-0.0036097466945648193,93.33333333333333,0.9998059878746669,0.9994630138079326,0.00034297406673431394,-0.0016333863139152526
vit_base_patch16_224,0,cosine,l2_only,color_only,mean_tokens,12,12,2,56,5.0,2,0.5,0.01,8.0,layer_6,0.0,0.8587086101373037,0.8665712028741837,-0.007862592736879984,91.66666666666666,0.9997652560472489,0.9994355152050655,0.000329740842183431,-0.0037664259473482765
vit_base_patch16_224,0,cosine,l2_only,color_only,mean_tokens,12,12,4,56,5.0,2,0.5,0.01,8.0,layer_0,4.166666666666666,0.9629764432708422,0.964150458574295,-0.0011740153034528096,89.58333333333334,0.9999931082129478,0.9999837639431158,9.344269831975302e-06,-0.0005823355168104172
vit_base_patch16_224,0,cosine,l2_only,color_only,mean_tokens,12,12,4,56,5.0,2,0.5,0.01,8.0,layer_11,4.166666666666666,0.9334581072131792,0.9375191703438759,-0.004061063130696614,83.33333333333334,0.9998750351369381,0.9997438825666904,0.00013115257024765015,-0.001964955280224482
vit_base_patch16_224,0,cosine,l2_only,color_only,mean_tokens,12,12,4,56,5.0,2,0.5,0.01,8.0,layer_6,4.166666666666666,0.8638226514061292,0.8722139795621237,-0.008391328155994415,85.41666666666666,0.9998196661472321,0.9997050228218237,0.00011464332540829976,-0.0041383424152930575
vit_base_patch16_224,0,cosine,l2_only,color_only,mean_tokens,12,12,6,56,5.0,2,0.5,0.01,8.0,layer_0,2.7777777777777777,0.963137846853998,0.964355574713813,-0.0012177278598149617,86.11111111111111,0.9999939915206697,0.999989143676228,4.8478444417317706e-06,-0.000606440007686615
vit_base_patch16_224,0,cosine,l2_only,color_only,mean_tokens,12,12,6,56,5.0,2,0.5,0.01,8.0,layer_11,2.7777777777777777,0.9304887884192996,0.9350217398669984,-0.0045329514476988055,83.33333333333334,0.999889976448483,0.9998466074466705,4.3369001812405055e-05,-0.0022447912229432002
vit_base_patch16_224,0,cosine,l2_only,color_only,mean_tokens,12,12,6,56,5.0,2,0.5,0.01,8.0,layer_6,2.7777777777777777,0.8601066072781881,0.8689169171783659,-0.00881030990017785,77.77777777777779,0.9998163928588232,0.9997382660706838,7.812678813934326e-05,-0.004366091556019253
vit_base_patch16_224,0,cosine,l2_only,position_only,mean_tokens,12,72,2,56,5.0,2,0.5,0.01,0.0,layer_0,50.0,0.9610305428504944,0.9606181085109711,0.00041243433952331543,75.71428571428571,0.9992999255657196,0.9991068431309291,0.00019308243479047502,0.0003027583871568952
vit_base_patch16_224,0,cosine,l2_only,position_only,mean_tokens,12,72,2,56,5.0,2,0.5,0.01,0.0,layer_11,50.0,0.9386939108371735,0.9391922354698181,-0.0004983246326446533,52.85714285714286,0.9798464749540602,0.9790464614118849,0.000800013542175293,0.00015084445476531982
vit_base_patch16_224,0,cosine,l2_only,position_only,mean_tokens,12,72,2,56,5.0,2,0.5,0.01,0.0,layer_6,50.0,0.9043804407119751,0.9050090312957764,-0.0006285905838012695,51.42857142857142,0.9695373475551605,0.9689633429050446,0.0005740046501159668,-2.7292966842651346e-05
vit_base_patch16_224,0,cosine,l2_only,position_only,mean_tokens,12,72,4,56,5.0,2,0.5,0.01,0.0,layer_0,0.0,0.9592138081789017,0.9592734426259995,-5.963444709777832e-05,60.29411764705882,0.9993416360195946,0.9992928995805628,4.873643903171315e-05,-5.449004033032587e-06
vit_base_patch16_224,0,cosine,l2_only,position_only,mean_tokens,12,72,4,56,5.0,2,0.5,0.01,0.0,layer_11,0.0,0.9340147972106934,0.9408659338951111,-0.006851136684417725,36.76470588235294,0.9795689486405429,0.9901368644307641,-0.010567915790221271,-0.008709526237319498
vit_base_patch16_224,0,cosine,l2_only,position_only,mean_tokens,12,72,4,56,5.0,2,0.5,0.01,0.0,layer_6,25.0,0.894661158323288,0.9049534946680069,-0.010292336344718933,35.294117647058826,0.9691537697525585,0.9822522647240582,-0.013098494971499723,-0.011695415658109328
vit_base_patch16_224,0,cosine,l2_only,position_only,mean_tokens,12,72,6,56,5.0,2,0.5,0.01,0.0,layer_0,0.0,0.9614238937695821,0.9617622296015421,-0.0003383358319600423,51.515151515151516,0.9993782025395017,0.9993853848991971,-7.18235969543457e-06,-0.00017275909582773843
vit_base_patch16_224,0,cosine,l2_only,position_only,mean_tokens,12,72,6,56,5.0,2,0.5,0.01,0.0,layer_11,0.0,0.9389913479487101,0.9454015096028646,-0.00641016165415446,31.818181818181817,0.978794234268593,0.9915362370736671,-0.012742002805074057,-0.009576082229614258
vit_base_patch16_224,0,cosine,l2_only,position_only,mean_tokens,12,72,6,56,5.0,2,0.5,0.01,0.0,layer_6,16.666666666666664,0.8984275062878927,0.9091024398803711,-0.010674933592478434,33.33333333333333,0.9697478251023726,0.9835032667174484,-0.013755441615075775,-0.012215187603777104
vit_base_patch16_clip_224.openai,0,cosine,l2_only,mixed_color_position,cls,12,12,2,56,5.0,2,0.5,0.01,0.0,layer_0,0.0,0.9876503298679987,0.9892574747403463,-0.001607144872347514,50.0,0.9979544033606847,0.9982062538464864,-0.0002518504858016968,-0.0009294976790746054
vit_base_patch16_clip_224.openai,0,cosine,l2_only,mixed_color_position,cls,12,12,2,56,5.0,2,0.5,0.01,0.0,layer_11,16.666666666666664,0.8160394926865896,0.8292415092388788,-0.013202016552289328,53.333333333333336,0.9539697041114171,0.9531344513098399,0.0008352528015772502,-0.0061833818753560385
vit_base_patch16_clip_224.openai,0,cosine,l2_only,mixed_color_position,cls,12,12,2,56,5.0,2,0.5,0.01,0.0,layer_6,0.0,0.9124626219272614,0.917670210202535,-0.005207588275273641,48.333333333333336,0.9904075354337692,0.9906348437070847,-0.00022730827331542968,-0.0027174482742945353
vit_base_patch16_clip_224.openai,0,cosine,l2_only,mixed_color_position,cls,12,12,4,56,5.0,2,0.5,0.01,0.0,layer_0,4.166666666666666,0.987194336950779,0.9893339201807976,-0.0021395832300186157,27.083333333333332,0.9979433255891005,0.9988417861362299,-0.0008984605471293131,-0.0015190218885739644
vit_base_patch16_clip_224.openai,0,cosine,l2_only,mixed_color_position,cls,12,12,4,56,5.0,2,0.5,0.01,0.0,layer_11,16.666666666666664,0.8145629639426867,0.8417627538243929,-0.027199789881706238,27.083333333333332,0.9566047365466753,0.9692509087423483,-0.012646172195672989,-0.019922981038689613
vit_base_patch16_clip_224.openai,0,cosine,l2_only,mixed_color_position,cls,12,12,4,56,5.0,2,0.5,0.01,0.0,layer_6,4.166666666666666,0.9126215179761251,0.9206271593769392,-0.008005641400814056,35.41666666666667,0.9907022379338741,0.9928374017278353,-0.002135163793961207,-0.0050704025973876314
vit_base_patch16_clip_224.openai,0,cosine,l2_only,mixed_color_position,cls,12,12,6,56,5.0,2,0.5,0.01,0.0,layer_0,2.7777777777777777,0.9874220093091329,0.9894892242219713,-0.002067214912838406,30.555555555555557,0.9980602562427521,0.9989706608984206,-0.0009104046556684705,-0.0014888097842534382
vit_base_patch16_clip_224.openai,0,cosine,l2_only,mixed_color_position,cls,12,12,6,56,5.0,2,0.5,0.01,0.0,layer_11,13.88888888888889,0.8142457786533568,0.844465070300632,-0.030219291647275288,47.22222222222222,0.9681101573838128,0.9752611716588339,-0.007151014275021023,-0.018685152961148154
vit_base_patch16_clip_224.openai,0,cosine,l2_only,mixed_color_position,cls,12,12,6,56,5.0,2,0.5,0.01,0.0,layer_6,8.333333333333332,0.912889215681288,0.9207701120111678,-0.00788089632987976,41.66666666666667,0.9923202296098074,0.9936357123984231,-0.0013154827886157567,-0.004598189559247758
vit_base_patch16_clip_224.openai,0,cosine,l2_only,color_only,cls,12,12,2,56,5.0,2,0.5,0.01,8.0,layer_0,0.0,0.984539399544398,0.987380176782608,-0.0028407772382100425,81.66666666666667,0.9999764114618301,0.9999214639266332,5.4947535196940105e-05,-0.0013929148515065511
vit_base_patch16_clip_224.openai,0,cosine,l2_only,color_only,cls,12,12,2,56,5.0,2,0.5,0.01,8.0,layer_11,0.0,0.761304090420405,0.7798949877421061,-0.01859089732170105,93.33333333333333,0.9982914308706919,0.995999601483345,0.0022918293873469037,-0.008149533967177073
vit_base_patch16_clip_224.openai,0,cosine,l2_only,color_only,cls,12,12,2,56,5.0,2,0.5,0.01,8.0,layer_6,0.0,0.8955165147781372,0.9011716544628143,-0.005655139684677124,86.66666666666667,0.9998672107855479,0.9996714373429616,0.00019577344258626302,-0.0027296831210454303
vit_base_patch16_clip_224.openai,0,cosine,l2_only,color_only,cls,12,12,4,56,5.0,2,0.5,0.01,8.0,layer_0,4.166666666666666,0.9846068123976389,0.9874033307035764,-0.002796518305937449,79.16666666666666,0.9999891842405001,0.9999774669607481,1.1717279752095541e-05,-0.0013924005130926767
vit_base_patch16_clip_224.openai,0,cosine,l2_only,color_only,cls,12,12,4,56,5.0,2,0.5,0.01,8.0,layer_11,0.0,0.7692894240220388,0.7962414274613062,-0.026952003439267475,81.25,0.9992587938904762,0.9983073845505714,0.0009514093399047852,-0.013000297049681345
vit_base_patch16_clip_224.openai,0,cosine,l2_only,color_only,cls,12,12,4,56,5.0,2,0.5,0.01,8.0,layer_6,4.166666666666666,0.8979350055257479,0.9033972273270289,-0.005462221801280975,87.5,0.9999259014924368,0.9998378443221251,8.805717031160991e-05,-0.0026870823154846826
vit_base_patch16_clip_224.openai,0,cosine,l2_only,color_only,cls,12,12,6,56,5.0,2,0.5,0.01,8.0,layer_0,2.7777777777777777,0.984612911939621,0.9874353839291466,-0.002822471989525689,77.77777777777779,0.9999909285042021,0.9999841302633286,6.79824087354872e-06,-0.00140783687432607
vit_base_patch16_clip_224.openai,0,cosine,l2_only,color_only,cls,12,12,6,56,5.0,2,0.5,0.01,8.0,layer_11,0.0,0.769727756579717,0.797619523273574,-0.02789176669385698,80.55555555555556,0.9993913885619905,0.9989197386635674,0.00047164989842308895,-0.013710058397716945
vit_base_patch16_clip_224.openai,0,cosine,l2_only,color_only,cls,12,12,6,56,5.0,2,0.5,0.01,8.0,layer_6,0.0,0.8971113463242849,0.9026629328727722,-0.005551586548487346,83.33333333333334,0.9999372528658973,0.999893488155471,4.3764710426330566e-05,-0.0027539109190305076
vit_base_patch16_clip_224.openai,0,cosine,l2_only,position_only,cls,12,72,2,56,5.0,2,0.5,0.01,0.0,layer_0,50.0,0.9741564393043518,0.974188894033432,-3.2454729080200195e-05,44.285714285714285,0.9996406887258802,0.9996476829051971,-6.994179316929408e-06,-1.9724454198564802e-05
vit_base_patch16_clip_224.openai,0,cosine,l2_only,position_only,cls,12,72,2,56,5.0,2,0.5,0.01,0.0,layer_11,0.0,0.7796492874622345,0.7918222844600677,-0.012172996997833252,50.0,0.9539394004004342,0.957987174817494,-0.004047774417059762,-0.008110385707446507
vit_base_patch16_clip_224.openai,0,cosine,l2_only,position_only,cls,12,72,2,56,5.0,2,0.5,0.01,0.0,layer_6,50.0,0.892398864030838,0.8937142789363861,-0.0013154149055480957,48.57142857142857,0.9901595515864235,0.9904700968946729,-0.0003105453082493373,-0.0008129801068987165
vit_base_patch16_clip_224.openai,0,cosine,l2_only,position_only,cls,12,72,4,56,5.0,2,0.5,0.01,0.0,layer_0,0.0,0.9716385155916214,0.9743251204490662,-0.002686604857444763,36.76470588235294,0.9996628638576058,0.9997510427937788,-8.817893617293415e-05,-0.0013873918968088487
vit_base_patch16_clip_224.openai,0,cosine,l2_only,position_only,cls,12,72,4,56,5.0,2,0.5,0.01,0.0,layer_11,50.0,0.8138393312692642,0.8407900035381317,-0.026950672268867493,47.05882352941176,0.9622849313651815,0.9677383627961663,-0.0054534314309849456,-0.016202051849926218
vit_base_patch16_clip_224.openai,0,cosine,l2_only,position_only,cls,12,72,4,56,5.0,2,0.5,0.01,0.0,layer_6,0.0,0.8892881870269775,0.8930480629205704,-0.0037598758935928345,42.64705882352941,0.990794474587721,0.9921958122183295,-0.0014013376306085026,-0.0025806067621006686
vit_base_patch16_clip_224.openai,0,cosine,l2_only,position_only,cls,12,72,6,56,5.0,2,0.5,0.01,0.0,layer_0,0.0,0.9733279049396515,0.9765501419703165,-0.0032222370306650796,28.78787878787879,0.9996405848951051,0.999800033641584,-0.00015944874647891882,-0.0016908428885719993
vit_base_patch16_clip_224.openai,0,cosine,l2_only,position_only,cls,12,72,6,56,5.0,2,0.5,0.01,0.0,layer_11,33.33333333333333,0.8194653689861298,0.8467989166577657,-0.027333547671635944,45.45454545454545,0.969934757008697,0.97320828202999,-0.0032735250212929464,-0.015303536346464445
vit_base_patch16_clip_224.openai,0,cosine,l2_only,position_only,cls,12,72,6,56,5.0,2,0.5,0.01,0.0,layer_6,0.0,0.889703651269277,0.8927341997623444,-0.0030305484930674234,37.878787878787875,0.9923388027783596,0.9935664381041671,-0.0012276353258075137,-0.0021290919094374685
vit_base_patch16_clip_224.openai,0,cosine,l2_only,mixed_color_position,mean_tokens,12,12,2,56,5.0,2,0.5,0.01,0.0,layer_0,0.0,0.8229765345652899,0.8273419141769409,-0.004365379611651103,65.0,0.9984732190767924,0.9983277410268784,0.00014547804991404216,-0.0021099507808685306
vit_base_patch16_clip_224.openai,0,cosine,l2_only,mixed_color_position,mean_tokens,12,12,2,56,5.0,2,0.5,0.01,0.0,layer_11,0.0,0.9331300357977549,0.9368952115376791,-0.003765175739924113,48.333333333333336,0.9893458942572276,0.9895025958617528,-0.00015670160452524822,-0.0019609386722246806
vit_base_patch16_clip_224.openai,0,cosine,l2_only,mixed_color_position,mean_tokens,12,12,2,56,5.0,2,0.5,0.01,0.0,layer_6,0.0,0.909605493148168,0.9135811080535253,-0.003975614905357361,35.0,0.9935746709505717,0.994675533970197,-0.001100863019625346,-0.0025382389624913535
vit_base_patch16_clip_224.openai,0,cosine,l2_only,mixed_color_position,mean_tokens,12,12,4,56,5.0,2,0.5,0.01,0.0,layer_0,8.333333333333332,0.8195427010456721,0.8264833837747574,-0.006940682729085286,47.91666666666667,0.998589047541221,0.9986658717195193,-7.682417829831441e-05,-0.0035087534536918
vit_base_patch16_clip_224.openai,0,cosine,l2_only,mixed_color_position,mean_tokens,12,12,4,56,5.0,2,0.5,0.01,0.0,layer_11,4.166666666666666,0.9298618038495382,0.9357423062125841,-0.00588050236304601,31.25,0.9903057180345058,0.9922755459944407,-0.0019698279599348703,-0.00392516516149044
vit_base_patch16_clip_224.openai,0,cosine,l2_only,mixed_color_position,mean_tokens,12,12,4,56,5.0,2,0.5,0.01,0.0,layer_6,12.5,0.9090088208516439,0.9147934690117836,-0.00578464816013972,33.33333333333333,0.9941819123923779,0.9956008220712343,-0.0014189096788565319,-0.003601778919498126
vit_base_patch16_clip_224.openai,0,cosine,l2_only,mixed_color_position,mean_tokens,12,12,6,56,5.0,2,0.5,0.01,0.0,layer_0,2.7777777777777777,0.8167256828811433,0.8237213873200946,-0.00699570443895128,61.111111111111114,0.9989174024926292,0.9987669140100479,0.00015048848258124458,-0.0034226079781850176
vit_base_patch16_clip_224.openai,0,cosine,l2_only,mixed_color_position,mean_tokens,12,12,6,56,5.0,2,0.5,0.01,0.0,layer_11,2.7777777777777777,0.929791048169136,0.937192999654346,-0.007401951485209995,47.22222222222222,0.9930232018232346,0.9938090774748061,-0.0007858756515714857,-0.00409391356839074
vit_base_patch16_clip_224.openai,0,cosine,l2_only,mixed_color_position,mean_tokens,12,12,6,56,5.0,2,0.5,0.01,0.0,layer_6,5.555555555555555,0.9096775899330775,0.9168880631526312,-0.00721047321955363,55.55555555555556,0.9956067966090308,0.995983800954289,-0.00037700434525807697,-0.0037937387824058533
vit_base_patch16_clip_224.openai,0,cosine,l2_only,color_only,mean_tokens,12,12,2,56,5.0,2,0.5,0.01,8.0,layer_0,0.0,0.8263229976097742,0.8314702163139979,-0.005147218704223633,88.33333333333333,0.9999949693679809,0.9999868035316467,8.165836334228516e-06,-0.002569526433944702
vit_base_patch16_clip_224.openai,0,cosine,l2_only,color_only,mean_tokens,12,12,2,56,5.0,2,0.5,0.01,8.0,layer_11,0.0,0.9213465601205826,0.9252849866946539,-0.003938426574071248,86.66666666666667,0.9998417933781941,0.9996679296096166,0.00017386376857757567,-0.0018822814027468363
vit_base_patch16_clip_224.openai,0,cosine,l2_only,color_only,mean_tokens,12,12,2,56,5.0,2,0.5,0.01,8.0,layer_6,0.0,0.9044885784387589,0.9071981509526571,-0.002709572513898214,91.66666666666666,0.9999586919943492,0.9998939216136933,6.477038065592448e-05,-0.0013224010666211448
vit_base_patch16_clip_224.openai,0,cosine,l2_only,color_only,mean_tokens,12,12,4,56,5.0,2,0.5,0.01,8.0,layer_0,0.0,0.8227784112095833,0.8280457034707069,-0.005267292261123657,89.58333333333334,0.9999975264072418,0.9999942022065321,3.324200709660848e-06,-0.0026319840302069983
vit_base_patch16_clip_224.openai,0,cosine,l2_only,color_only,mean_tokens,12,12,4,56,5.0,2,0.5,0.01,8.0,layer_11,4.166666666666666,0.9186580354968706,0.9228149875998497,-0.004156952102979024,83.33333333333334,0.9999319165945053,0.9998410965005556,9.082009394963582e-05,-0.002033066004514694
vit_base_patch16_clip_224.openai,0,cosine,l2_only,color_only,mean_tokens,12,12,4,56,5.0,2,0.5,0.01,8.0,layer_6,8.333333333333332,0.9047296270728111,0.9074065014719963,-0.0026768743991851807,89.58333333333334,0.9999779760837555,0.9999495223164558,2.84537672996521e-05,-0.0013242103159427643
vit_base_patch16_clip_224.openai,0,cosine,l2_only,color_only,mean_tokens,12,12,6,56,5.0,2,0.5,0.01,8.0,layer_0,2.7777777777777777,0.8222753935390048,0.8274857600529989,-0.005210366513994005,83.33333333333334,0.9999980181455612,0.9999962631199095,1.755025651719835e-06,-0.0026043057441711426
vit_base_patch16_clip_224.openai,0,cosine,l2_only,color_only,mean_tokens,12,12,6,56,5.0,2,0.5,0.01,8.0,layer_11,2.7777777777777777,0.9179059515396754,0.9221338248915143,-0.004227873351838853,77.77777777777779,0.9999440262715021,0.9998893025848601,5.472368664211697e-05,-0.002086574832598368
vit_base_patch16_clip_224.openai,0,cosine,l2_only,color_only,mean_tokens,12,12,6,56,5.0,2,0.5,0.01,8.0,layer_6,0.0,0.9044689420196745,0.9072689678933885,-0.0028000258737140233,83.33333333333334,0.9999815440840192,0.9999671445952522,1.4399488766988119e-05,-0.0013928131924735175
vit_base_patch16_clip_224.openai,0,cosine,l2_only,position_only,mean_tokens,12,72,2,56,5.0,2,0.5,0.01,0.0,layer_0,50.0,0.8311067819595337,0.8305895030498505,0.0005172789096832275,71.42857142857143,0.999061039515904,0.9986957175391061,0.0003653219767979213,0.0004413004432405744
vit_base_patch16_clip_224.openai,0,cosine,l2_only,position_only,mean_tokens,12,72,2,56,5.0,2,0.5,0.01,0.0,layer_11,50.0,0.9335229396820068,0.9364634156227112,-0.0029404759407043457,62.857142857142854,0.9911937628473554,0.9895041789327349,0.0016895839146205357,-0.000625446013041905
vit_base_patch16_clip_224.openai,0,cosine,l2_only,position_only,mean_tokens,12,72,2,56,5.0,2,0.5,0.01,0.0,layer_6,50.0,0.9026916027069092,0.904394656419754,-0.0017030537128448486,62.857142857142854,0.9943860820361546,0.9931524617331369,0.0012336203030177525,-0.00023471670491354805
vit_base_patch16_clip_224.openai,0,cosine,l2_only,position_only,mean_tokens,12,72,4,56,5.0,2,0.5,0.01,0.0,layer_0,0.0,0.8098482191562653,0.8150866776704788,-0.005238458514213562,64.70588235294117,0.9991701297900256,0.9990190346451366,0.00015109514488893396,-0.002543681684662314
vit_base_patch16_clip_224.openai,0,cosine,l2_only,position_only,mean_tokens,12,72,4,56,5.0,2,0.5,0.01,0.0,layer_11,25.0,0.9253008216619492,0.930768296122551,-0.005467474460601807,61.76470588235294,0.9922570840400808,0.9918347456875969,0.00042233835248386156,-0.0025225680540589723
vit_base_patch16_clip_224.openai,0,cosine,l2_only,position_only,mean_tokens,12,72,4,56,5.0,2,0.5,0.01,0.0,layer_6,0.0,0.8984851241111755,0.9030435085296631,-0.004558384418487549,58.82352941176471,0.9949604649754131,0.9946542496190351,0.0003062153563779943,-0.0021260845310547773
vit_base_patch16_clip_224.openai,0,cosine,l2_only,position_only,mean_tokens,12,72,6,56,5.0,2,0.5,0.01,0.0,layer_0,0.0,0.8151039977868398,0.8202228049437205,-0.005118807156880696,69.6969696969697,0.999367920738278,0.9992005879228766,0.00016733281540148187,-0.0024757371707396073
vit_base_patch16_clip_224.openai,0,cosine,l2_only,position_only,mean_tokens,12,72,6,56,5.0,2,0.5,0.01,0.0,layer_11,0.0,0.9300223588943481,0.935613622268041,-0.00559126337369283,59.09090909090909,0.9936879403663404,0.9936998016906508,-1.1861324310302734e-05,-0.0028015623490015664
vit_base_patch16_clip_224.openai,0,cosine,l2_only,position_only,mean_tokens,12,72,6,56,5.0,2,0.5,0.01,0.0,layer_6,0.0,0.9014941652615865,0.9069106578826904,-0.005416492621103923,68.18181818181817,0.9961374293674122,0.9956899014386263,0.00044752792878584427,-0.0024844823461590395
convnext_tiny,0,cosine,l2_only,mixed_color_position,auto,12,12,2,56,5.0,2,0.5,0.01,0.0,layer_0,0.0,0.9923404703537623,0.9926454722881317,-0.0003050019343694051,38.333333333333336,0.9999330451091131,0.9999579240878423,-2.4878978729248046e-05,-0.00016494045654932656
convnext_tiny,0,cosine,l2_only,mixed_color_position,auto,12,12,2,56,5.0,2,0.5,0.01,0.0,layer_2,0.0,0.9997616161902746,0.9998073478539785,-4.573166370391846e-05,28.333333333333332,0.9999764829874038,0.9999888092279434,-1.2326240539550782e-05,-2.9028952121734618e-05
convnext_tiny,0,cosine,l2_only,mixed_color_position,auto,12,12,2,56,5.0,2,0.5,0.01,0.0,layer_3,8.333333333333332,0.8964505791664124,0.9153460214535395,-0.018895442287127178,36.666666666666664,0.9707200268904368,0.9819492876529694,-0.011229260762532552,-0.015062351524829865
convnext_tiny,0,cosine,l2_only,mixed_color_position,auto,12,12,4,56,5.0,2,0.5,0.01,0.0,layer_0,4.166666666666666,0.9924262588222822,0.9927929739157358,-0.00036671509345372516,25.0,0.9999518108864626,0.9999796971678734,-2.788628141085307e-05,-0.00019730068743228912
convnext_tiny,0,cosine,l2_only,mixed_color_position,auto,12,12,4,56,5.0,2,0.5,0.01,0.0,layer_2,4.166666666666666,0.9997725983460745,0.999812662601471,-4.006425539652506e-05,22.916666666666664,0.9999817311763763,0.9999921880662441,-1.0456889867782593e-05,-2.5260572632153828e-05
convnext_tiny,0,cosine,l2_only,mixed_color_position,auto,12,12,4,56,5.0,2,0.5,0.01,0.0,layer_3,12.5,0.905538742740949,0.9295367921392123,-0.023998049398263294,18.75,0.9760715377827486,0.9888275526463985,-0.012756014863650003,-0.01837703213095665
convnext_tiny,0,cosine,l2_only,mixed_color_position,auto,12,12,6,56,5.0,2,0.5,0.01,0.0,layer_0,2.7777777777777777,0.992402219110065,0.9929093470176061,-0.0005071279075410631,27.77777777777778,0.9999650716781616,0.9999843935171763,-1.932183901468913e-05,-0.0002632248732778761
convnext_tiny,0,cosine,l2_only,mixed_color_position,auto,12,12,6,56,5.0,2,0.5,0.01,0.0,layer_2,2.7777777777777777,0.9997727357678943,0.9998134093152152,-4.0673547320895726e-05,27.77777777777778,0.9999846402141783,0.9999932530853484,-8.612871170043945e-06,-2.4643209245469836e-05
convnext_tiny,0,cosine,l2_only,mixed_color_position,auto,12,12,6,56,5.0,2,0.5,0.01,0.0,layer_3,2.7777777777777777,0.9028079989883635,0.9289373854796091,-0.026129386491245694,27.77777777777778,0.9774000015523698,0.9918739563888974,-0.014473954836527506,-0.0203016706638866
convnext_tiny,0,cosine,l2_only,color_only,auto,12,12,2,56,5.0,2,0.5,0.01,8.0,layer_0,0.0,0.9924633651971817,0.9928648869196574,-0.0004015217224756877,93.33333333333333,0.999998856584231,0.9999967416127523,2.1149714787801107e-06,-0.00019970337549845378
convnext_tiny,0,cosine,l2_only,color_only,auto,12,12,2,56,5.0,2,0.5,0.01,8.0,layer_2,0.0,0.9997631361087164,0.9997832477092743,-2.0111600557963055e-05,86.66666666666667,0.9999997893969218,0.9999989569187164,8.324782053629557e-07,-9.63956117630005e-06
convnext_tiny,0,cosine,l2_only,color_only,auto,12,12,2,56,5.0,2,0.5,0.01,8.0,layer_3,0.0,0.9155270556608835,0.9203928510348002,-0.004865795373916626,85.0,0.9998342514038085,0.9993875056505204,0.000446745753288269,-0.0022095248103141786
convnext_tiny,0,cosine,l2_only,color_only,auto,12,12,4,56,5.0,2,0.5,0.01,8.0,layer_0,4.166666666666666,0.9925304651260376,0.9929282094041506,-0.0003977442781130473,83.33333333333334,0.9999993604918321,0.999998519817988,8.406738440195719e-07,-0.00019845180213451385
convnext_tiny,0,cosine,l2_only,color_only,auto,12,12,4,56,5.0,2,0.5,0.01,8.0,layer_2,4.166666666666666,0.9997699782252312,0.9997898389895757,-1.9860764344533283e-05,75.0,0.9999998981753985,0.9999996349215508,2.632538477579753e-07,-9.798755248387653e-06
convnext_tiny,0,cosine,l2_only,color_only,auto,12,12,4,56,5.0,2,0.5,0.01,8.0,layer_3,4.166666666666666,0.9189542730649313,0.9242533097664515,-0.005299036701520284,81.25,0.9999101335803667,0.9997558370232582,0.0001542965571085612,-0.002572370072205861
convnext_tiny,0,cosine,l2_only,color_only,auto,12,12,6,56,5.0,2,0.5,0.01,8.0,layer_0,2.7777777777777777,0.9925073931614558,0.9929228491253324,-0.0004154559638765123,77.77777777777779,0.999999557932218,0.9999991373883353,4.2054388258192273e-07,-0.0002075177099969652
convnext_tiny,0,cosine,l2_only,color_only,auto,12,12,6,56,5.0,2,0.5,0.01,8.0,layer_2,2.7777777777777777,0.999771730767356,0.9997909151845508,-1.918441719479031e-05,69.44444444444444,0.9999999552965164,0.9999998609224955,9.437402089436849e-08,-9.54502158694797e-06
convnext_tiny,0,cosine,l2_only,color_only,auto,12,12,6,56,5.0,2,0.5,0.01,8.0,layer_3,2.7777777777777777,0.9178013470437791,0.9230456650257111,-0.005244317981931899,75.0,0.9999327311913172,0.9998591658141878,7.356537712944878e-05,-0.002585376302401225
convnext_tiny,0,cosine,l2_only,position_only,auto,12,72,2,56,5.0,2,0.5,0.01,0.0,layer_0,50.0,0.9919645488262177,0.9919810891151428,-1.65402889251709e-05,54.285714285714285,0.999968763760158,0.9999674022197723,1.3615403856549943e-06,-7.589374269757952e-06
convnext_tiny,0,cosine,l2_only,position_only,auto,12,72,2,56,5.0,2,0.5,0.01,0.0,layer_2,50.0,0.9998253583908081,0.9998320043087006,-6.645917892456055e-06,54.285714285714285,0.9999821203095572,0.9999810516834259,1.0686261313302175e-06,-2.7886458805629185e-06
convnext_tiny,0,cosine,l2_only,position_only,auto,12,72,2,56,5.0,2,0.5,0.01,0.0,layer_3,50.0,0.9105639457702637,0.9036388993263245,0.006925046443939209,55.714285714285715,0.9861895867756435,0.9857886578355517,0.00040092894009181434,0.0036629876920155117
convnext_tiny,0,cosine,l2_only,position_only,auto,12,72,4,56,5.0,2,0.5,0.01,0.0,layer_0,0.0,0.9918752312660217,0.9919845908880234,-0.00010935962200164795,17.647058823529413,0.9999711767715567,0.9999874917899861,-1.6315018429475674e-05,-6.283732021556181e-05
convnext_tiny,0,cosine,l2_only,position_only,auto,12,72,4,56,5.0,2,0.5,0.01,0.0,layer_2,0.0,0.9998191297054291,0.9998359978199005,-1.6868114471435547e-05,51.470588235294116,0.9999830915647394,0.9999840040417278,-9.1247698839973e-07,-8.890295729917639e-06
convnext_tiny,0,cosine,l2_only,position_only,auto,12,72,4,56,5.0,2,0.5,0.01,0.0,layer_3,25.0,0.9125968813896179,0.9160583466291428,-0.0034614652395248413,41.17647058823529,0.9863158034927705,0.9885628074407578,-0.002247003947987276,-0.002854234593756059
convnext_tiny,0,cosine,l2_only,position_only,auto,12,72,6,56,5.0,2,0.5,0.01,0.0,layer_0,0.0,0.9919839998086294,0.9921074410279592,-0.00012344121932983398,24.242424242424242,0.9999744305104921,0.9999913726792191,-1.6942168727065578e-05,-7.019169402844977e-05
convnext_tiny,0,cosine,l2_only,position_only,auto,12,72,6,56,5.0,2,0.5,0.01,0.0,layer_2,0.0,0.9997971256573995,0.9998093148072561,-1.2189149856567383e-05,42.42424242424242,0.9999864968386564,0.9999885839043241,-2.087065667817087e-06,-7.1381077621922344e-06
convnext_tiny,0,cosine,l2_only,position_only,auto,12,72,6,56,5.0,2,0.5,0.01,0.0,layer_3,0.0,0.9053041934967041,0.9106841286023458,-0.005379935105641683,33.33333333333333,0.9872193327455809,0.9906437974987607,-0.003424464753179839,-0.004402199929410761
