model_name,seed,metric,preprocess_mode,task_mode,pooling,n_per_color,run_n_per_color,n_stored_per_color,square_size,ident_noise_std,ident_max_shift,color_only_jitter_std,layer,ident_accuracy,ident_avg_target_sim,ident_avg_best_wrong_sim,ident_avg_margin,gen_accuracy,gen_avg_target_sim,gen_avg_best_wrong_sim,gen_avg_margin,avg_margin
vit_base_patch16_224,0,cosine,l2_only,mixed_color_position,cls,12,12,2,56,0.0,0,0.0,layer_0,100.0,1.0000000298023224,0.9978365004062653,0.002163529396057129,73.33333333333333,0.99833638270696,0.997827806075414,0.0005085766315460205,0.0013360530138015747
vit_base_patch16_224,0,cosine,l2_only,mixed_color_position,cls,12,12,2,56,0.0,0,0.0,layer_11,100.0,1.0000000496705372,0.9967627873023351,0.0032372623682022095,58.333333333333336,0.9950690150260926,0.9951619346936543,-9.291966756184896e-05,0.0015721713503201802
vit_base_patch16_224,0,cosine,l2_only,mixed_color_position,cls,12,12,2,56,0.0,0,0.0,layer_6,100.0,1.0000000496705372,0.992455373207728,0.007544676462809245,58.333333333333336,0.9912860274314881,0.9904922912518184,0.000793736179669698,0.004169206321239472
vit_base_patch16_224,0,cosine,l2_only,mixed_color_position,cls,12,12,4,56,0.0,0,0.0,layer_0,100.0,1.0000000198682149,0.9986688767870268,0.001331143081188202,58.333333333333336,0.9983961507678032,0.9983401770393053,5.597372849782308e-05,0.0006935584048430125
vit_base_patch16_224,0,cosine,l2_only,mixed_color_position,cls,12,12,4,56,0.0,0,0.0,layer_11,100.0,1.0000000546375911,0.9972216337919235,0.002778420845667521,37.5,0.9949745821456114,0.9960338150461515,-0.001059232900540034,0.0008595939725637435
vit_base_patch16_224,0,cosine,l2_only,mixed_color_position,cls,12,12,4,56,0.0,0,0.0,layer_6,100.0,1.00000003973643,0.9941348607341448,0.005865179002285004,37.5,0.990842075397571,0.9927623805900415,-0.0019203051924705505,0.0019724369049072266
vit_base_patch16_224,0,cosine,l2_only,mixed_color_position,cls,12,12,6,56,0.0,0,0.0,layer_0,100.0,1.0000000298023224,0.9988129784663519,0.0011870513359705608,69.44444444444444,0.9987908601760864,0.9985630843374464,0.00022777583864000108,0.000707413587305281
vit_base_patch16_224,0,cosine,l2_only,mixed_color_position,cls,12,12,6,56,0.0,0,0.0,layer_11,100.0,1.0000000529819064,0.9978210611475838,0.0021789918343226113,22.22222222222222,0.9946637203296026,0.9960545947154363,-0.0013908743858337402,0.00039405872424443556
vit_base_patch16_224,0,cosine,l2_only,mixed_color_position,cls,12,12,6,56,0.0,0,0.0,layer_6,100.0,1.0000000364250607,0.9950287325514687,0.004971303873591953,25.0,0.9907210618257523,0.9931953532828225,-0.0024742914570702445,0.0012485062082608542
vit_base_patch16_224,0,cosine,l2_only,mixed_color_position,cls,12,12,2,56,0.0,2,0.0,layer_0,100.0,0.9997542848189672,0.9977745165427526,0.0019797682762145996,73.33333333333333,0.99833638270696,0.997827806075414,0.0005085766315460205,0.00124417245388031
vit_base_patch16_224,0,cosine,l2_only,mixed_color_position,cls,12,12,2,56,0.0,2,0.0,layer_11,83.33333333333334,0.9982029249270757,0.996855432788531,0.0013474921385447185,58.333333333333336,0.9950690150260926,0.9951619346936543,-9.291966756184896e-05,0.0006272862354914347
vit_base_patch16_224,0,cosine,l2_only,mixed_color_position,cls,12,12,2,56,0.0,2,0.0,layer_6,91.66666666666666,0.996360644698143,0.9919237196445465,0.004436925053596497,58.333333333333336,0.9912860274314881,0.9904922912518184,0.000793736179669698,0.0026153306166330974
vit_base_patch16_224,0,cosine,l2_only,mixed_color_position,cls,12,12,4,56,0.0,2,0.0,layer_0,100.0,0.999778983493646,0.9986798316240311,0.001099151869614919,58.333333333333336,0.9983961507678032,0.9983401770393053,5.597372849782308e-05,0.000577562799056371
vit_base_patch16_224,0,cosine,l2_only,mixed_color_position,cls,12,12,4,56,0.0,2,0.0,layer_11,66.66666666666666,0.9980101808905602,0.9976644193132719,0.00034576157728830975,37.5,0.9949745821456114,0.9960338150461515,-0.001059232900540034,-0.0003567356616258621
vit_base_patch16_224,0,cosine,l2_only,mixed_color_position,cls,12,12,4,56,0.0,2,0.0,layer_6,79.16666666666666,0.9959377273917198,0.9946354056398073,0.0013023217519124348,37.5,0.990842075397571,0.9927623805900415,-0.0019203051924705505,-0.00030899172027905786
vit_base_patch16_224,0,cosine,l2_only,mixed_color_position,cls,12,12,6,56,0.0,2,0.0,layer_0,100.0,0.9997609804073969,0.9988211294015249,0.0009398510058720907,69.44444444444444,0.9987908601760864,0.9985630843374464,0.00022777583864000108,0.0005838134222560459
vit_base_patch16_224,0,cosine,l2_only,mixed_color_position,cls,12,12,6,56,0.0,2,0.0,layer_11,63.888888888888886,0.9981119881073633,0.9980267501539655,8.523795339796279e-05,22.22222222222222,0.9946637203296026,0.9960545947154363,-0.0013908743858337402,-0.0006528182162178888
vit_base_patch16_224,0,cosine,l2_only,mixed_color_position,cls,12,12,6,56,0.0,2,0.0,layer_6,80.55555555555556,0.9963809731933806,0.9953671726915572,0.0010138005018234253,25.0,0.9907210618257523,0.9931953532828225,-0.0024742914570702445,-0.0007302454776234096
vit_base_patch16_224,0,cosine,l2_only,mixed_color_position,cls,12,12,2,56,5.0,0,0.0,layer_0,75.0,0.9467330574989319,0.9448551138242086,0.0018779436747233074,73.33333333333333,0.99833638270696,0.997827806075414,0.0005085766315460205,0.001193260153134664
vit_base_patch16_224,0,cosine,l2_only,mixed_color_position,cls,12,12,2,56,5.0,0,0.0,layer_11,16.666666666666664,0.9134240845839182,0.9264846245447794,-0.013060539960861206,58.333333333333336,0.9950690150260926,0.9951619346936543,-9.291966756184896e-05,-0.006576729814211527
vit_base_patch16_224,0,cosine,l2_only,mixed_color_position,cls,12,12,2,56,5.0,0,0.0,layer_6,33.33333333333333,0.8608145117759705,0.8687336444854736,-0.007919132709503174,58.333333333333336,0.9912860274314881,0.9904922912518184,0.000793736179669698,-0.003562698264916738
vit_base_patch16_224,0,cosine,l2_only,mixed_color_position,cls,12,12,4,56,5.0,0,0.0,layer_0,50.0,0.9463762591282526,0.9457139198978742,0.0006623392303784689,58.333333333333336,0.9983961507678032,0.9983401770393053,5.597372849782308e-05,0.000359156479438146
vit_base_patch16_224,0,cosine,l2_only,mixed_color_position,cls,12,12,4,56,5.0,0,0.0,layer_11,16.666666666666664,0.9157742833097776,0.9295723413427671,-0.013798058032989502,37.5,0.9949745821456114,0.9960338150461515,-0.001059232900540034,-0.007428645466764768
vit_base_patch16_224,0,cosine,l2_only,mixed_color_position,cls,12,12,4,56,5.0,0,0.0,layer_6,12.5,0.8647138401865959,0.8730843787391981,-0.008370538552602133,37.5,0.990842075397571,0.9927623805900415,-0.0019203051924705505,-0.005145421872536342
vit_base_patch16_224,0,cosine,l2_only,mixed_color_position,cls,12,12,6,56,5.0,0,0.0,layer_0,44.44444444444444,0.9465310457679961,0.9464494287967682,8.161697122785781e-05,69.44444444444444,0.9987908601760864,0.9985630843374464,0.00022777583864000108,0.00015469640493392944
vit_base_patch16_224,0,cosine,l2_only,mixed_color_position,cls,12,12,6,56,5.0,0,0.0,layer_11,11.11111111111111,0.9148279279470444,0.929671992858251,-0.014844064911206564,22.22222222222222,0.9946637203296026,0.9960545947154363,-0.0013908743858337402,-0.008117469648520153
vit_base_patch16_224,0,cosine,l2_only,mixed_color_position,cls,12,12,6,56,5.0,0,0.0,layer_6,8.333333333333332,0.8634396394093832,0.872240639395184,-0.00880099998580085,25.0,0.9907210618257523,0.9931953532828225,-0.0024742914570702445,-0.005637645721435547
vit_base_patch16_224,0,cosine,l2_only,mixed_color_position,cls,12,12,2,56,5.0,2,0.0,layer_0,75.0,0.9465364317099253,0.9448146124680837,0.001721819241841634,73.33333333333333,0.99833638270696,0.997827806075414,0.0005085766315460205,0.0011151979366938272
vit_base_patch16_224,0,cosine,l2_only,mixed_color_position,cls,12,12,2,56,5.0,2,0.0,layer_11,16.666666666666664,0.9174101849397024,0.9301741023858389,-0.012763917446136475,58.333333333333336,0.9950690150260926,0.9951619346936543,-9.291966756184896e-05,-0.006428418556849161
vit_base_patch16_224,0,cosine,l2_only,mixed_color_position,cls,12,12,2,56,5.0,2,0.0,layer_6,25.0,0.862156331539154,0.8696128080288569,-0.007456476489702861,58.333333333333336,0.9912860274314881,0.9904922912518184,0.000793736179669698,-0.0033313701550165813
vit_base_patch16_224,0,cosine,l2_only,mixed_color_position,cls,12,12,4,56,5.0,2,0.0,layer_0,50.0,0.9462063064177831,0.945700965821743,0.00050534059604009,58.333333333333336,0.9983961507678032,0.9983401770393053,5.597372849782308e-05,0.00028065716226895654
vit_base_patch16_224,0,cosine,l2_only,mixed_color_position,cls,12,12,4,56,5.0,2,0.0,layer_11,4.166666666666666,0.9157150114576021,0.9301841060320536,-0.014469094574451447,37.5,0.9949745821456114,0.9960338150461515,-0.001059232900540034,-0.00776416373749574
vit_base_patch16_224,0,cosine,l2_only,mixed_color_position,cls,12,12,4,56,5.0,2,0.0,layer_6,8.333333333333332,0.8606332888205847,0.8702478458484014,-0.009614557027816772,37.5,0.990842075397571,0.9927623805900415,-0.0019203051924705505,-0.0057674311101436615
vit_base_patch16_224,0,cosine,l2_only,mixed_color_position,cls,12,12,6,56,5.0,2,0.0,layer_0,38.88888888888889,0.9466237293349372,0.946808710694313,-0.0001849813593758477,69.44444444444444,0.9987908601760864,0.9985630843374464,0.00022777583864000108,2.1397239632076686e-05
vit_base_patch16_224,0,cosine,l2_only,mixed_color_position,cls,12,12,6,56,5.0,2,0.0,layer_11,2.7777777777777777,0.9147105928924348,0.9298748158746295,-0.015164222982194688,22.22222222222222,0.9946637203296026,0.9960545947154363,-0.0013908743858337402,-0.008277548684014214
vit_base_patch16_224,0,cosine,l2_only,mixed_color_position,cls,12,12,6,56,5.0,2,0.0,layer_6,5.555555555555555,0.8612351715564728,0.8708334035343595,-0.009598231977886625,25.0,0.9907210618257523,0.9931953532828225,-0.0024742914570702445,-0.0060362617174784345
vit_base_patch16_224,0,cosine,l2_only,mixed_color_position,mean_tokens,12,12,2,56,0.0,0,0.0,layer_0,100.0,1.0000000298023224,0.9978365004062653,0.002163529396057129,73.33333333333333,0.99833638270696,0.997827806075414,0.0005085766315460205,0.0013360530138015747
vit_base_patch16_224,0,cosine,l2_only,mixed_color_position,mean_tokens,12,12,2,56,0.0,0,0.0,layer_11,100.0,1.0000000496705372,0.9967627873023351,0.0032372623682022095,58.333333333333336,0.9950690150260926,0.9951619346936543,-9.291966756184896e-05,0.0015721713503201802
vit_base_patch16_224,0,cosine,l2_only,mixed_color_position,mean_tokens,12,12,2,56,0.0,0,0.0,layer_6,100.0,1.0000000496705372,0.992455373207728,0.007544676462809245,58.333333333333336,0.9912860274314881,0.9904922912518184,0.000793736179669698,0.004169206321239472
vit_base_patch16_224,0,cosine,l2_only,mixed_color_position,mean_tokens,12,12,4,56,0.0,0,0.0,layer_0,100.0,1.0000000198682149,0.9986688767870268,0.001331143081188202,58.333333333333336,0.9983961507678032,0.9983401770393053,5.597372849782308e-05,0.0006935584048430125
vit_base_patch16_224,0,cosine,l2_only,mixed_color_position,mean_tokens,12,12,4,56,0.0,0,0.0,layer_11,100.0,1.0000000546375911,0.9972216337919235,0.002778420845667521,37.5,0.9949745821456114,0.9960338150461515,-0.001059232900540034,0.0008595939725637435
vit_base_patch16_224,0,cosine,l2_only,mixed_color_position,mean_tokens,12,12,4,56,0.0,0,0.0,layer_6,100.0,1.00000003973643,0.9941348607341448,0.005865179002285004,37.5,0.990842075397571,0.9927623805900415,-0.0019203051924705505,0.0019724369049072266
vit_base_patch16_224,0,cosine,l2_only,mixed_color_position,mean_tokens,12,12,6,56,0.0,0,0.0,layer_0,100.0,1.0000000298023224,0.9988129784663519,0.0011870513359705608,69.44444444444444,0.9987908601760864,0.9985630843374464,0.00022777583864000108,0.000707413587305281
vit_base_patch16_224,0,cosine,l2_only,mixed_color_position,mean_tokens,12,12,6,56,0.0,0,0.0,layer_11,100.0,1.0000000529819064,0.9978210611475838,0.0021789918343226113,22.22222222222222,0.9946637203296026,0.9960545947154363,-0.0013908743858337402,0.00039405872424443556
vit_base_patch16_224,0,cosine,l2_only,mixed_color_position,mean_tokens,12,12,6,56,0.0,0,0.0,layer_6,100.0,1.0000000364250607,0.9950287325514687,0.004971303873591953,25.0,0.9907210618257523,0.9931953532828225,-0.0024742914570702445,0.0012485062082608542
vit_base_patch16_224,0,cosine,l2_only,mixed_color_position,mean_tokens,12,12,2,56,0.0,2,0.0,layer_0,100.0,0.9997542848189672,0.9977745165427526,0.0019797682762145996,73.33333333333333,0.99833638270696,0.997827806075414,0.0005085766315460205,0.00124417245388031
vit_base_patch16_224,0,cosine,l2_only,mixed_color_position,mean_tokens,12,12,2,56,0.0,2,0.0,layer_11,83.33333333333334,0.9982029249270757,0.996855432788531,0.0013474921385447185,58.333333333333336,0.9950690150260926,0.9951619346936543,-9.291966756184896e-05,0.0006272862354914347
vit_base_patch16_224,0,cosine,l2_only,mixed_color_position,mean_tokens,12,12,2,56,0.0,2,0.0,layer_6,91.66666666666666,0.996360644698143,0.9919237196445465,0.004436925053596497,58.333333333333336,0.9912860274314881,0.9904922912518184,0.000793736179669698,0.0026153306166330974
vit_base_patch16_224,0,cosine,l2_only,mixed_color_position,mean_tokens,12,12,4,56,0.0,2,0.0,layer_0,100.0,0.999778983493646,0.9986798316240311,0.001099151869614919,58.333333333333336,0.9983961507678032,0.9983401770393053,5.597372849782308e-05,0.000577562799056371
vit_base_patch16_224,0,cosine,l2_only,mixed_color_position,mean_tokens,12,12,4,56,0.0,2,0.0,layer_11,66.66666666666666,0.9980101808905602,0.9976644193132719,0.00034576157728830975,37.5,0.9949745821456114,0.9960338150461515,-0.001059232900540034,-0.0003567356616258621
vit_base_patch16_224,0,cosine,l2_only,mixed_color_position,mean_tokens,12,12,4,56,0.0,2,0.0,layer_6,79.16666666666666,0.9959377273917198,0.9946354056398073,0.0013023217519124348,37.5,0.990842075397571,0.9927623805900415,-0.0019203051924705505,-0.00030899172027905786
vit_base_patch16_224,0,cosine,l2_only,mixed_color_position,mean_tokens,12,12,6,56,0.0,2,0.0,layer_0,100.0,0.9997609804073969,0.9988211294015249,0.0009398510058720907,69.44444444444444,0.9987908601760864,0.9985630843374464,0.00022777583864000108,0.0005838134222560459
vit_base_patch16_224,0,cosine,l2_only,mixed_color_position,mean_tokens,12,12,6,56,0.0,2,0.0,layer_11,63.888888888888886,0.9981119881073633,0.9980267501539655,8.523795339796279e-05,22.22222222222222,0.9946637203296026,0.9960545947154363,-0.0013908743858337402,-0.0006528182162178888
vit_base_patch16_224,0,cosine,l2_only,mixed_color_position,mean_tokens,12,12,6,56,0.0,2,0.0,layer_6,80.55555555555556,0.9963809731933806,0.9953671726915572,0.0010138005018234253,25.0,0.9907210618257523,0.9931953532828225,-0.0024742914570702445,-0.0007302454776234096
vit_base_patch16_224,0,cosine,l2_only,mixed_color_position,mean_tokens,12,12,2,56,5.0,0,0.0,layer_0,75.0,0.9467330574989319,0.9448551138242086,0.0018779436747233074,73.33333333333333,0.99833638270696,0.997827806075414,0.0005085766315460205,0.001193260153134664
vit_base_patch16_224,0,cosine,l2_only,mixed_color_position,mean_tokens,12,12,2,56,5.0,0,0.0,layer_11,16.666666666666664,0.9134240845839182,0.9264846245447794,-0.013060539960861206,58.333333333333336,0.9950690150260926,0.9951619346936543,-9.291966756184896e-05,-0.006576729814211527
vit_base_patch16_224,0,cosine,l2_only,mixed_color_position,mean_tokens,12,12,2,56,5.0,0,0.0,layer_6,33.33333333333333,0.8608145117759705,0.8687336444854736,-0.007919132709503174,58.333333333333336,0.9912860274314881,0.9904922912518184,0.000793736179669698,-0.003562698264916738
vit_base_patch16_224,0,cosine,l2_only,mixed_color_position,mean_tokens,12,12,4,56,5.0,0,0.0,layer_0,50.0,0.9463762591282526,0.9457139198978742,0.0006623392303784689,58.333333333333336,0.9983961507678032,0.9983401770393053,5.597372849782308e-05,0.000359156479438146
vit_base_patch16_224,0,cosine,l2_only,mixed_color_position,mean_tokens,12,12,4,56,5.0,0,0.0,layer_11,16.666666666666664,0.9157742833097776,0.9295723413427671,-0.013798058032989502,37.5,0.9949745821456114,0.9960338150461515,-0.001059232900540034,-0.007428645466764768
vit_base_patch16_224,0,cosine,l2_only,mixed_color_position,mean_tokens,12,12,4,56,5.0,0,0.0,layer_6,12.5,0.8647138401865959,0.8730843787391981,-0.008370538552602133,37.5,0.990842075397571,0.9927623805900415,-0.0019203051924705505,-0.005145421872536342
vit_base_patch16_224,0,cosine,l2_only,mixed_color_position,mean_tokens,12,12,6,56,5.0,0,0.0,layer_0,44.44444444444444,0.9465310457679961,0.9464494287967682,8.161697122785781e-05,69.44444444444444,0.9987908601760864,0.9985630843374464,0.00022777583864000108,0.00015469640493392944
vit_base_patch16_224,0,cosine,l2_only,mixed_color_position,mean_tokens,12,12,6,56,5.0,0,0.0,layer_11,11.11111111111111,0.9148279279470444,0.929671992858251,-0.014844064911206564,22.22222222222222,0.9946637203296026,0.9960545947154363,-0.0013908743858337402,-0.008117469648520153
vit_base_patch16_224,0,cosine,l2_only,mixed_color_position,mean_tokens,12,12,6,56,5.0,0,0.0,layer_6,8.333333333333332,0.8634396394093832,0.872240639395184,-0.00880099998580085,25.0,0.9907210618257523,0.9931953532828225,-0.0024742914570702445,-0.005637645721435547
vit_base_patch16_224,0,cosine,l2_only,mixed_color_position,mean_tokens,12,12,2,56,5.0,2,0.0,layer_0,75.0,0.9465364317099253,0.9448146124680837,0.001721819241841634,73.33333333333333,0.99833638270696,0.997827806075414,0.0005085766315460205,0.0011151979366938272
vit_base_patch16_224,0,cosine,l2_only,mixed_color_position,mean_tokens,12,12,2,56,5.0,2,0.0,layer_11,16.666666666666664,0.9174101849397024,0.9301741023858389,-0.012763917446136475,58.333333333333336,0.9950690150260926,0.9951619346936543,-9.291966756184896e-05,-0.006428418556849161
vit_base_patch16_224,0,cosine,l2_only,mixed_color_position,mean_tokens,12,12,2,56,5.0,2,0.0,layer_6,25.0,0.862156331539154,0.8696128080288569,-0.007456476489702861,58.333333333333336,0.9912860274314881,0.9904922912518184,0.000793736179669698,-0.0033313701550165813
vit_base_patch16_224,0,cosine,l2_only,mixed_color_position,mean_tokens,12,12,4,56,5.0,2,0.0,layer_0,50.0,0.9462063064177831,0.945700965821743,0.00050534059604009,58.333333333333336,0.9983961507678032,0.9983401770393053,5.597372849782308e-05,0.00028065716226895654
vit_base_patch16_224,0,cosine,l2_only,mixed_color_position,mean_tokens,12,12,4,56,5.0,2,0.0,layer_11,4.166666666666666,0.9157150114576021,0.9301841060320536,-0.014469094574451447,37.5,0.9949745821456114,0.9960338150461515,-0.001059232900540034,-0.00776416373749574
vit_base_patch16_224,0,cosine,l2_only,mixed_color_position,mean_tokens,12,12,4,56,5.0,2,0.0,layer_6,8.333333333333332,0.8606332888205847,0.8702478458484014,-0.009614557027816772,37.5,0.990842075397571,0.9927623805900415,-0.0019203051924705505,-0.0057674311101436615
vit_base_patch16_224,0,cosine,l2_only,mixed_color_position,mean_tokens,12,12,6,56,5.0,2,0.0,layer_0,38.88888888888889,0.9466237293349372,0.946808710694313,-0.0001849813593758477,69.44444444444444,0.9987908601760864,0.9985630843374464,0.00022777583864000108,2.1397239632076686e-05
vit_base_patch16_224,0,cosine,l2_only,mixed_color_position,mean_tokens,12,12,6,56,5.0,2,0.0,layer_11,2.7777777777777777,0.9147105928924348,0.9298748158746295,-0.015164222982194688,22.22222222222222,0.9946637203296026,0.9960545947154363,-0.0013908743858337402,-0.008277548684014214
vit_base_patch16_224,0,cosine,l2_only,mixed_color_position,mean_tokens,12,12,6,56,5.0,2,0.0,layer_6,5.555555555555555,0.8612351715564728,0.8708334035343595,-0.009598231977886625,25.0,0.9907210618257523,0.9931953532828225,-0.0024742914570702445,-0.0060362617174784345
vit_base_patch16_224,0,cosine,l2_only,color_only,cls,12,12,2,56,0.0,0,8.0,layer_0,100.0,1.0000000496705372,0.9999756018320719,2.4447838465372722e-05,90.0,0.9999860157569249,0.9999664783477783,1.9537409146626792e-05,2.1992623805999757e-05
vit_base_patch16_224,0,cosine,l2_only,color_only,cls,12,12,2,56,0.0,0,8.0,layer_11,100.0,1.0000000596046448,0.9995760718981425,0.00042398770650227863,93.33333333333333,0.9998059570789337,0.9994629989067714,0.00034295817216237385,0.00038347293933232627
vit_base_patch16_224,0,cosine,l2_only,color_only,cls,12,12,2,56,0.0,0,8.0,layer_6,100.0,1.0000000198682149,0.9996037483215332,0.000396271546681722,91.66666666666666,0.9997652401526769,0.9994355142116547,0.00032972594102223713,0.0003629987438519796
vit_base_patch16_224,0,cosine,l2_only,color_only,cls,12,12,4,56,0.0,0,8.0,layer_0,100.0,1.0000000496705372,0.9999850392341614,1.5010436375935873e-05,89.58333333333334,0.9999931069711844,0.9999837639431158,9.34302806854248e-06,1.2176732222239178e-05
vit_base_patch16_224,0,cosine,l2_only,color_only,cls,12,12,4,56,0.0,0,8.0,layer_11,100.0,1.0000000596046448,0.9998058949907621,0.0001941646138827006,83.33333333333334,0.9998750177522501,0.9997438887755076,0.00013112897674242655,0.00016264679531256357
vit_base_patch16_224,0,cosine,l2_only,color_only,cls,12,12,4,56,0.0,0,8.0,layer_6,100.0,1.0000000248352687,0.9998025645812353,0.00019746025403340658,85.41666666666666,0.9998196735978127,0.9997050128877163,0.00011466071009635925,0.00015606048206488293
vit_base_patch16_224,0,cosine,l2_only,color_only,cls,12,12,6,56,0.0,0,8.0,layer_0,100.0,1.00000003973643,0.9999915957450867,8.443991343180338e-06,86.11111111111111,0.9999939964877235,0.9999891105625365,4.8859251870049374e-06,6.664958265092638e-06
vit_base_patch16_224,0,cosine,l2_only,color_only,cls,12,12,6,56,0.0,0,8.0,layer_11,100.0,1.0000000562932756,0.9999105847544141,8.94715388615926e-05,83.33333333333334,0.9998899781041675,0.9998466008239322,4.337728023529053e-05,6.642440954844156e-05
vit_base_patch16_224,0,cosine,l2_only,color_only,cls,12,12,6,56,0.0,0,8.0,layer_6,100.0,1.0000000298023224,0.9998832825157378,0.00011674728658464219,77.77777777777779,0.999816389547454,0.9997382428910997,7.814665635426839e-05,9.744697146945528e-05
vit_base_patch16_224,0,cosine,l2_only,color_only,cls,12,12,2,56,0.0,2,8.0,layer_0,83.33333333333334,0.9996198366085688,0.9995916883150736,2.8148293495178223e-05,90.0,0.9999860157569249,0.9999664783477783,1.9537409146626792e-05,2.3842851320902506e-05
vit_base_patch16_224,0,cosine,l2_only,color_only,cls,12,12,2,56,0.0,2,8.0,layer_11,58.333333333333336,0.9959356337785721,0.9958500415086746,8.559226989746094e-05,93.33333333333333,0.9998059570789337,0.9994629989067714,0.00034295817216237385,0.0002142752210299174
vit_base_patch16_224,0,cosine,l2_only,color_only,cls,12,12,2,56,0.0,2,8.0,layer_6,50.0,0.9935600012540817,0.9936315168937048,-7.151563962300618e-05,91.66666666666666,0.9997652401526769,0.9994355142116547,0.00032972594102223713,0.00012910515069961548
vit_base_patch16_224,0,cosine,l2_only,color_only,cls,12,12,4,56,0.0,2,8.0,layer_0,79.16666666666666,0.9996522143483162,0.9996378471453985,1.4367202917734781e-05,89.58333333333334,0.9999931069711844,0.9999837639431158,9.34302806854248e-06,1.185511549313863e-05
vit_base_patch16_224,0,cosine,l2_only,color_only,cls,12,12,4,56,0.0,2,8.0,layer_11,54.166666666666664,0.9963327075044314,0.9965360686182976,-0.00020336111386617026,83.33333333333334,0.9998750177522501,0.9997438887755076,0.00013112897674242655,-3.6116068561871856e-05
vit_base_patch16_224,0,cosine,l2_only,color_only,cls,12,12,4,56,0.0,2,8.0,layer_6,37.5,0.9940223271648089,0.9942668303847313,-0.0002445032199223836,85.41666666666666,0.9998196735978127,0.9997050128877163,0.00011466071009635925,-6.492125491301218e-05
vit_base_patch16_224,0,cosine,l2_only,color_only,cls,12,12,6,56,0.0,2,8.0,layer_0,72.22222222222221,0.999639458126492,0.9996322393417358,7.2187847561306425e-06,86.11111111111111,0.9999939964877235,0.9999891105625365,4.8859251870049374e-06,6.05235497156779e-06
vit_base_patch16_224,0,cosine,l2_only,color_only,cls,12,12,6,56,0.0,2,8.0,layer_11,36.11111111111111,0.9962447219424777,0.9965011659595702,-0.0002564440170923869,83.33333333333334,0.9998899781041675,0.9998466008239322,4.337728023529053e-05,-0.00010653336842854819
vit_base_patch16_224,0,cosine,l2_only,color_only,cls,12,12,6,56,0.0,2,8.0,layer_6,27.77777777777778,0.9937920951180987,0.994149410062366,-0.00035731494426727295,77.77777777777779,0.999816389547454,0.9997382428910997,7.814665635426839e-05,-0.0001395841439565023
vit_base_patch16_224,0,cosine,l2_only,color_only,cls,12,12,2,56,5.0,0,8.0,layer_0,50.0,0.9425563315550486,0.9425645371278127,-8.205572764078775e-06,90.0,0.9999860157569249,0.9999664783477783,1.9537409146626792e-05,5.665918191274008e-06
vit_base_patch16_224,0,cosine,l2_only,color_only,cls,12,12,2,56,5.0,0,8.0,layer_11,8.333333333333332,0.9269648939371109,0.9331120252609253,-0.006147131323814392,93.33333333333333,0.9998059570789337,0.9994629989067714,0.00034295817216237385,-0.002902086575826009
vit_base_patch16_224,0,cosine,l2_only,color_only,cls,12,12,2,56,5.0,0,8.0,layer_6,25.0,0.8699657817681631,0.8723264882961909,-0.0023607065280278525,91.66666666666666,0.9997652401526769,0.9994355142116547,0.00032972594102223713,-0.0010154902935028077
vit_base_patch16_224,0,cosine,l2_only,color_only,cls,12,12,4,56,5.0,0,8.0,layer_0,29.166666666666668,0.9428375114997228,0.9429187724987665,-8.126099904378255e-05,89.58333333333334,0.9999931069711844,0.9999837639431158,9.34302806854248e-06,-3.5958985487620034e-05
vit_base_patch16_224,0,cosine,l2_only,color_only,cls,12,12,4,56,5.0,0,8.0,layer_11,4.166666666666666,0.9271516799926758,0.9340231964985529,-0.006871516505877177,83.33333333333334,0.9998750177522501,0.9997438887755076,0.00013112897674242655,-0.003370193764567375
vit_base_patch16_224,0,cosine,l2_only,color_only,cls,12,12,4,56,5.0,0,8.0,layer_6,20.833333333333336,0.8721682205796242,0.8745695749918619,-0.002401354412237803,85.41666666666666,0.9998196735978127,0.9997050128877163,0.00011466071009635925,-0.0011433468510707219
vit_base_patch16_224,0,cosine,l2_only,color_only,cls,12,12,6,56,5.0,0,8.0,layer_0,19.444444444444446,0.9428209231959449,0.9429310543669595,-0.00011013117101457383,86.11111111111111,0.9999939964877235,0.9999891105625365,4.8859251870049374e-06,-5.262262291378445e-05
vit_base_patch16_224,0,cosine,l2_only,color_only,cls,12,12,6,56,5.0,0,8.0,layer_11,2.7777777777777777,0.9270722799830966,0.9343671186102761,-0.007294838627179463,83.33333333333334,0.9998899781041675,0.9998466008239322,4.337728023529053e-05,-0.0036257306734720864
vit_base_patch16_224,0,cosine,l2_only,color_only,cls,12,12,6,56,5.0,0,8.0,layer_6,11.11111111111111,0.8717436922921075,0.8742929266558753,-0.0025492343637678358,77.77777777777779,0.999816389547454,0.9997382428910997,7.814665635426839e-05,-0.0012355438537067836
vit_base_patch16_224,0,cosine,l2_only,color_only,cls,12,12,2,56,5.0,2,8.0,layer_0,41.66666666666667,0.944789876540502,0.94477412601312,1.5750527381896973e-05,90.0,0.9999860157569249,0.9999664783477783,1.9537409146626792e-05,1.764396826426188e-05
vit_base_patch16_224,0,cosine,l2_only,color_only,cls,12,12,2,56,5.0,2,8.0,layer_11,25.0,0.922240267197291,0.9289499471584955,-0.006709679961204529,93.33333333333333,0.9998059570789337,0.9994629989067714,0.00034295817216237385,-0.0031833608945210775
vit_base_patch16_224,0,cosine,l2_only,color_only,cls,12,12,2,56,5.0,2,8.0,layer_6,25.0,0.8631170491377512,0.8671525667111079,-0.004035517573356628,91.66666666666666,0.9997652401526769,0.9994355142116547,0.00032972594102223713,-0.0018528958161671957
vit_base_patch16_224,0,cosine,l2_only,color_only,cls,12,12,4,56,5.0,2,8.0,layer_0,20.833333333333336,0.944759247203668,0.9448356206218401,-7.637341817220052e-05,89.58333333333334,0.9999931069711844,0.9999837639431158,9.34302806854248e-06,-3.351519505182902e-05
vit_base_patch16_224,0,cosine,l2_only,color_only,cls,12,12,4,56,5.0,2,8.0,layer_11,12.5,0.9238242978851,0.9308579216400782,-0.00703362375497818,83.33333333333334,0.9998750177522501,0.9997438887755076,0.00013112897674242655,-0.0034512473891178765
vit_base_patch16_224,0,cosine,l2_only,color_only,cls,12,12,4,56,5.0,2,8.0,layer_6,12.5,0.8660646776358286,0.8699384654561678,-0.003873787820339203,85.41666666666666,0.9998196735978127,0.9997050128877163,0.00011466071009635925,-0.0018795635551214218
vit_base_patch16_224,0,cosine,l2_only,color_only,cls,12,12,6,56,5.0,2,8.0,layer_0,11.11111111111111,0.9447741972075568,0.944882815082868,-0.00010861787531110976,86.11111111111111,0.9999939964877235,0.9999891105625365,4.8859251870049374e-06,-5.186597506205241e-05
vit_base_patch16_224,0,cosine,l2_only,color_only,cls,12,12,6,56,5.0,2,8.0,layer_11,8.333333333333332,0.9235158562660217,0.9308504197332594,-0.007334563467237685,83.33333333333334,0.9998899781041675,0.9998466008239322,4.337728023529053e-05,-0.003645593093501197
vit_base_patch16_224,0,cosine,l2_only,color_only,cls,12,12,6,56,5.0,2,8.0,layer_6,8.333333333333332,0.8651604056358337,0.8690744903352525,-0.003914084699418809,77.77777777777779,0.999816389547454,0.9997382428910997,7.814665635426839e-05,-0.0019179690215322704
vit_base_patch16_224,0,cosine,l2_only,color_only,mean_tokens,12,12,2,56,0.0,0,8.0,layer_0,100.0,1.0000000496705372,0.9999756018320719,2.4447838465372722e-05,90.0,0.9999860157569249,0.9999664783477783,1.9537409146626792e-05,2.1992623805999757e-05
vit_base_patch16_224,0,cosine,l2_only,color_only,mean_tokens,12,12,2,56,0.0,0,8.0,layer_11,100.0,1.0000000596046448,0.9995760718981425,0.00042398770650227863,93.33333333333333,0.9998059570789337,0.9994629989067714,0.00034295817216237385,0.00038347293933232627
vit_base_patch16_224,0,cosine,l2_only,color_only,mean_tokens,12,12,2,56,0.0,0,8.0,layer_6,100.0,1.0000000198682149,0.9996037483215332,0.000396271546681722,91.66666666666666,0.9997652401526769,0.9994355142116547,0.00032972594102223713,0.0003629987438519796
vit_base_patch16_224,0,cosine,l2_only,color_only,mean_tokens,12,12,4,56,0.0,0,8.0,layer_0,100.0,1.0000000496705372,0.9999850392341614,1.5010436375935873e-05,89.58333333333334,0.9999931069711844,0.9999837639431158,9.34302806854248e-06,1.2176732222239178e-05
vit_base_patch16_224,0,cosine,l2_only,color_only,mean_tokens,12,12,4,56,0.0,0,8.0,layer_11,100.0,1.0000000596046448,0.9998058949907621,0.0001941646138827006,83.33333333333334,0.9998750177522501,0.9997438887755076,0.00013112897674242655,0.00016264679531256357
vit_base_patch16_224,0,cosine,l2_only,color_only,mean_tokens,12,12,4,56,0.0,0,8.0,layer_6,100.0,1.0000000248352687,0.9998025645812353,0.00019746025403340658,85.41666666666666,0.9998196735978127,0.9997050128877163,0.00011466071009635925,0.00015606048206488293
vit_base_patch16_224,0,cosine,l2_only,color_only,mean_tokens,12,12,6,56,0.0,0,8.0,layer_0,100.0,1.00000003973643,0.9999915957450867,8.443991343180338e-06,86.11111111111111,0.9999939964877235,0.9999891105625365,4.8859251870049374e-06,6.664958265092638e-06
vit_base_patch16_224,0,cosine,l2_only,color_only,mean_tokens,12,12,6,56,0.0,0,8.0,layer_11,100.0,1.0000000562932756,0.9999105847544141,8.94715388615926e-05,83.33333333333334,0.9998899781041675,0.9998466008239322,4.337728023529053e-05,6.642440954844156e-05
vit_base_patch16_224,0,cosine,l2_only,color_only,mean_tokens,12,12,6,56,0.0,0,8.0,layer_6,100.0,1.0000000298023224,0.9998832825157378,0.00011674728658464219,77.77777777777779,0.999816389547454,0.9997382428910997,7.814665635426839e-05,9.744697146945528e-05
vit_base_patch16_224,0,cosine,l2_only,color_only,mean_tokens,12,12,2,56,0.0,2,8.0,layer_0,83.33333333333334,0.9996198366085688,0.9995916883150736,2.8148293495178223e-05,90.0,0.9999860157569249,0.9999664783477783,1.9537409146626792e-05,2.3842851320902506e-05
vit_base_patch16_224,0,cosine,l2_only,color_only,mean_tokens,12,12,2,56,0.0,2,8.0,layer_11,58.333333333333336,0.9959356337785721,0.9958500415086746,8.559226989746094e-05,93.33333333333333,0.9998059570789337,0.9994629989067714,0.00034295817216237385,0.0002142752210299174
vit_base_patch16_224,0,cosine,l2_only,color_only,mean_tokens,12,12,2,56,0.0,2,8.0,layer_6,50.0,0.9935600012540817,0.9936315168937048,-7.151563962300618e-05,91.66666666666666,0.9997652401526769,0.9994355142116547,0.00032972594102223713,0.00012910515069961548
vit_base_patch16_224,0,cosine,l2_only,color_only,mean_tokens,12,12,4,56,0.0,2,8.0,layer_0,79.16666666666666,0.9996522143483162,0.9996378471453985,1.4367202917734781e-05,89.58333333333334,0.9999931069711844,0.9999837639431158,9.34302806854248e-06,1.185511549313863e-05
vit_base_patch16_224,0,cosine,l2_only,color_only,mean_tokens,12,12,4,56,0.0,2,8.0,layer_11,54.166666666666664,0.9963327075044314,0.9965360686182976,-0.00020336111386617026,83.33333333333334,0.9998750177522501,0.9997438887755076,0.00013112897674242655,-3.6116068561871856e-05
vit_base_patch16_224,0,cosine,l2_only,color_only,mean_tokens,12,12,4,56,0.0,2,8.0,layer_6,37.5,0.9940223271648089,0.9942668303847313,-0.0002445032199223836,85.41666666666666,0.9998196735978127,0.9997050128877163,0.00011466071009635925,-6.492125491301218e-05
vit_base_patch16_224,0,cosine,l2_only,color_only,mean_tokens,12,12,6,56,0.0,2,8.0,layer_0,72.22222222222221,0.999639458126492,0.9996322393417358,7.2187847561306425e-06,86.11111111111111,0.9999939964877235,0.9999891105625365,4.8859251870049374e-06,6.05235497156779e-06
vit_base_patch16_224,0,cosine,l2_only,color_only,mean_tokens,12,12,6,56,0.0,2,8.0,layer_11,36.11111111111111,0.9962447219424777,0.9965011659595702,-0.0002564440170923869,83.33333333333334,0.9998899781041675,0.9998466008239322,4.337728023529053e-05,-0.00010653336842854819
vit_base_patch16_224,0,cosine,l2_only,color_only,mean_tokens,12,12,6,56,0.0,2,8.0,layer_6,27.77777777777778,0.9937920951180987,0.994149410062366,-0.00035731494426727295,77.77777777777779,0.999816389547454,0.9997382428910997,7.814665635426839e-05,-0.0001395841439565023
vit_base_patch16_224,0,cosine,l2_only,color_only,mean_tokens,12,12,2,56,5.0,0,8.0,layer_0,50.0,0.9425563315550486,0.9425645371278127,-8.205572764078775e-06,90.0,0.9999860157569249,0.9999664783477783,1.9537409146626792e-05,5.665918191274008e-06
vit_base_patch16_224,0,cosine,l2_only,color_only,mean_tokens,12,12,2,56,5.0,0,8.0,layer_11,8.333333333333332,0.9269648939371109,0.9331120252609253,-0.006147131323814392,93.33333333333333,0.9998059570789337,0.9994629989067714,0.00034295817216237385,-0.002902086575826009
vit_base_patch16_224,0,cosine,l2_only,color_only,mean_tokens,12,12,2,56,5.0,0,8.0,layer_6,25.0,0.8699657817681631,0.8723264882961909,-0.0023607065280278525,91.66666666666666,0.9997652401526769,0.9994355142116547,0.00032972594102223713,-0.0010154902935028077
vit_base_patch16_224,0,cosine,l2_only,color_only,mean_tokens,12,12,4,56,5.0,0,8.0,layer_0,29.166666666666668,0.9428375114997228,0.9429187724987665,-8.126099904378255e-05,89.58333333333334,0.9999931069711844,0.9999837639431158,9.34302806854248e-06,-3.5958985487620034e-05
vit_base_patch16_224,0,cosine,l2_only,color_only,mean_tokens,12,12,4,56,5.0,0,8.0,layer_11,4.166666666666666,0.9271516799926758,0.9340231964985529,-0.006871516505877177,83.33333333333334,0.9998750177522501,0.9997438887755076,0.00013112897674242655,-0.003370193764567375
vit_base_patch16_224,0,cosine,l2_only,color_only,mean_tokens,12,12,4,56,5.0,0,8.0,layer_6,20.833333333333336,0.8721682205796242,0.8745695749918619,-0.002401354412237803,85.41666666666666,0.9998196735978127,0.9997050128877163,0.00011466071009635925,-0.0011433468510707219
vit_base_patch16_224,0,cosine,l2_only,color_only,mean_tokens,12,12,6,56,5.0,0,8.0,layer_0,19.444444444444446,0.9428209231959449,0.9429310543669595,-0.00011013117101457383,86.11111111111111,0.9999939964877235,0.9999891105625365,4.8859251870049374e-06,-5.262262291378445e-05
vit_base_patch16_224,0,cosine,l2_only,color_only,mean_tokens,12,12,6,56,5.0,0,8.0,layer_11,2.7777777777777777,0.9270722799830966,0.9343671186102761,-0.007294838627179463,83.33333333333334,0.9998899781041675,0.9998466008239322,4.337728023529053e-05,-0.0036257306734720864
vit_base_patch16_224,0,cosine,l2_only,color_only,mean_tokens,12,12,6,56,5.0,0,8.0,layer_6,11.11111111111111,0.8717436922921075,0.8742929266558753,-0.0025492343637678358,77.77777777777779,0.999816389547454,0.9997382428910997,7.814665635426839e-05,-0.0012355438537067836
vit_base_patch16_224,0,cosine,l2_only,color_only,mean_tokens,12,12,2,56,5.0,2,8.0,layer_0,41.66666666666667,0.944789876540502,0.94477412601312,1.5750527381896973e-05,90.0,0.9999860157569249,0.9999664783477783,1.9537409146626792e-05,1.764396826426188e-05
vit_base_patch16_224,0,cosine,l2_only,color_only,mean_tokens,12,12,2,56,5.0,2,8.0,layer_11,25.0,0.922240267197291,0.9289499471584955,-0.006709679961204529,93.33333333333333,0.9998059570789337,0.9994629989067714,0.00034295817216237385,-0.0031833608945210775
vit_base_patch16_224,0,cosine,l2_only,color_only,mean_tokens,12,12,2,56,5.0,2,8.0,layer_6,25.0,0.8631170491377512,0.8671525667111079,-0.004035517573356628,91.66666666666666,0.9997652401526769,0.9994355142116547,0.00032972594102223713,-0.0018528958161671957
vit_base_patch16_224,0,cosine,l2_only,color_only,mean_tokens,12,12,4,56,5.0,2,8.0,layer_0,20.833333333333336,0.944759247203668,0.9448356206218401,-7.637341817220052e-05,89.58333333333334,0.9999931069711844,0.9999837639431158,9.34302806854248e-06,-3.351519505182902e-05
vit_base_patch16_224,0,cosine,l2_only,color_only,mean_tokens,12,12,4,56,5.0,2,8.0,layer_11,12.5,0.9238242978851,0.9308579216400782,-0.00703362375497818,83.33333333333334,0.9998750177522501,0.9997438887755076,0.00013112897674242655,-0.0034512473891178765
vit_base_patch16_224,0,cosine,l2_only,color_only,mean_tokens,12,12,4,56,5.0,2,8.0,layer_6,12.5,0.8660646776358286,0.8699384654561678,-0.003873787820339203,85.41666666666666,0.9998196735978127,0.9997050128877163,0.00011466071009635925,-0.0018795635551214218
vit_base_patch16_224,0,cosine,l2_only,color_only,mean_tokens,12,12,6,56,5.0,2,8.0,layer_0,11.11111111111111,0.9447741972075568,0.944882815082868,-0.00010861787531110976,86.11111111111111,0.9999939964877235,0.9999891105625365,4.8859251870049374e-06,-5.186597506205241e-05
vit_base_patch16_224,0,cosine,l2_only,color_only,mean_tokens,12,12,6,56,5.0,2,8.0,layer_11,8.333333333333332,0.9235158562660217,0.9308504197332594,-0.007334563467237685,83.33333333333334,0.9998899781041675,0.9998466008239322,4.337728023529053e-05,-0.003645593093501197
vit_base_patch16_224,0,cosine,l2_only,color_only,mean_tokens,12,12,6,56,5.0,2,8.0,layer_6,8.333333333333332,0.8651604056358337,0.8690744903352525,-0.003914084699418809,77.77777777777779,0.999816389547454,0.9997382428910997,7.814665635426839e-05,-0.0019179690215322704
vit_base_patch16_224,0,cosine,l2_only,position_only,cls,12,72,2,56,0.0,0,0.0,layer_0,100.0,1.0000000596046448,0.9993148446083069,0.0006852149963378906,75.71428571428571,0.999299966437476,0.9991068984780993,0.00019306795937674387,0.00043914147785731724
vit_base_patch16_224,0,cosine,l2_only,position_only,cls,12,72,2,56,0.0,0,0.0,layer_11,100.0,1.0,0.9702085852622986,0.029791414737701416,52.85714285714286,0.979846578836441,0.97904651761055,0.0008000612258911132,0.015295737981796264
vit_base_patch16_224,0,cosine,l2_only,position_only,cls,12,72,2,56,0.0,0,0.0,layer_6,100.0,1.0000000596046448,0.9657242894172668,0.03427577018737793,51.42857142857142,0.9695373901299068,0.9689634016581944,0.0005739884717123849,0.017424879329545156
vit_base_patch16_224,0,cosine,l2_only,position_only,cls,12,72,4,56,0.0,0,0.0,layer_0,100.0,1.0000000298023224,0.9994332492351532,0.0005667805671691895,60.29411764705882,0.9993416842292336,0.9992929022101795,4.8782019054188445e-05,0.00030778129311168897
vit_base_patch16_224,0,cosine,l2_only,position_only,cls,12,72,4,56,0.0,0,0.0,layer_11,100.0,1.0000000298023224,0.9904516041278839,0.009548425674438477,36.76470588235294,0.9795690459363601,0.9901368381345973,-0.01056779219823725,-0.0005096832618993871
vit_base_patch16_224,0,cosine,l2_only,position_only,cls,12,72,4,56,0.0,0,0.0,layer_6,100.0,1.0000000596046448,0.9847540855407715,0.015245974063873291,35.294117647058826,0.9691538381225923,0.982252275242525,-0.013098437119932735,0.001073768471970278
vit_base_patch16_224,0,cosine,l2_only,position_only,cls,12,72,6,56,0.0,0,0.0,layer_0,100.0,1.00000003973643,0.9993661542733511,0.0006338854630788168,51.515151515151516,0.9993782449852336,0.9993853930271033,-7.1480418696548e-06,0.000313368710604581
vit_base_patch16_224,0,cosine,l2_only,position_only,cls,12,72,6,56,0.0,0,0.0,layer_11,100.0,1.00000003973643,0.9926039079825083,0.007396131753921509,31.818181818181817,0.978794274005023,0.9915362370736671,-0.012741963068644205,-0.002672915657361348
vit_base_patch16_224,0,cosine,l2_only,position_only,cls,12,72,6,56,0.0,0,0.0,layer_6,100.0,1.0000000596046448,0.9875613550345103,0.012438704570134481,33.33333333333333,0.9697478684512052,0.9835032612988444,-0.013755392847639141,-0.0006583441387523299
vit_base_patch16_224,0,cosine,l2_only,position_only,cls,12,72,2,56,0.0,2,0.0,layer_0,100.0,0.9998137950897217,0.9993439018726349,0.000469893217086792,75.71428571428571,0.999299966437476,0.9991068984780993,0.00019306795937674387,0.0003314805882317679
vit_base_patch16_224,0,cosine,l2_only,position_only,cls,12,72,2,56,0.0,2,0.0,layer_11,100.0,0.98937126994133,0.9658212065696716,0.023550063371658325,52.85714285714286,0.979846578836441,0.97904651761055,0.0008000612258911132,0.012175062298774719
vit_base_patch16_224,0,cosine,l2_only,position_only,cls,12,72,2,56,0.0,2,0.0,layer_6,100.0,0.9847328960895538,0.948770135641098,0.03596276044845581,51.42857142857142,0.9695373901299068,0.9689634016581944,0.0005739884717123849,0.018268374460084096
vit_base_patch16_224,0,cosine,l2_only,position_only,cls,12,72,4,56,0.0,2,0.0,layer_0,100.0,0.9998781979084015,0.9995508044958115,0.00032739341259002686,60.29411764705882,0.9993416842292336,0.9992929022101795,4.8782019054188445e-05,0.00018808771582210765
vit_base_patch16_224,0,cosine,l2_only,position_only,cls,12,72,4,56,0.0,2,0.0,layer_11,75.0,0.9902418851852417,0.9853280037641525,0.004913881421089172,36.76470588235294,0.9795690459363601,0.9901368381345973,-0.01056779219823725,-0.002826955388574039
vit_base_patch16_224,0,cosine,l2_only,position_only,cls,12,72,4,56,0.0,2,0.0,layer_6,100.0,0.9845914989709854,0.9775874763727188,0.0070040225982666016,35.294117647058826,0.9691538381225923,0.982252275242525,-0.013098437119932735,-0.0030472072608330666
vit_base_patch16_224,0,cosine,l2_only,position_only,cls,12,72,6,56,0.0,2,0.0,layer_0,100.0,0.9998339811960856,0.9994798898696899,0.0003540913263956706,51.515151515151516,0.9993782449852336,0.9993853930271033,-7.1480418696548e-06,0.0001734716422630079
vit_base_patch16_224,0,cosine,l2_only,position_only,cls,12,72,6,56,0.0,2,0.0,layer_11,66.66666666666666,0.9926108121871948,0.9899042646090189,0.0027065475781758628,31.818181818181817,0.978794274005023,0.9915362370736671,-0.012741963068644205,-0.005017707745234171
vit_base_patch16_224,0,cosine,l2_only,position_only,cls,12,72,6,56,0.0,2,0.0,layer_6,100.0,0.9882539113362631,0.9828719993432363,0.005381911993026733,33.33333333333333,0.9697478684512052,0.9835032612988444,-0.013755392847639141,-0.004186740427306204
vit_base_patch16_224,0,cosine,l2_only,position_only,cls,12,72,2,56,5.0,0,0.0,layer_0,100.0,0.9398709833621979,0.9392127394676208,0.0006582438945770264,75.71428571428571,0.999299966437476,0.9991068984780993,0.00019306795937674387,0.0004256559269768851
vit_base_patch16_224,0,cosine,l2_only,position_only,cls,12,72,2,56,5.0,0,0.0,layer_11,100.0,0.9045529961585999,0.8847457468509674,0.019807249307632446,52.85714285714286,0.979846578836441,0.97904651761055,0.0008000612258911132,0.01030365526676178
vit_base_patch16_224,0,cosine,l2_only,position_only,cls,12,72,2,56,5.0,0,0.0,layer_6,100.0,0.851326584815979,0.8281688392162323,0.023157745599746704,51.42857142857142,0.9695373901299068,0.9689634016581944,0.0005739884717123849,0.011865867035729545
vit_base_patch16_224,0,cosine,l2_only,position_only,cls,12,72,4,56,5.0,0,0.0,layer_0,75.0,0.9412814825773239,0.9408525824546814,0.0004289001226425171,60.29411764705882,0.9993416842292336,0.9992929022101795,4.8782019054188445e-05,0.00023884107084835276
vit_base_patch16_224,0,cosine,l2_only,position_only,cls,12,72,4,56,5.0,0,0.0,layer_11,50.0,0.9052944183349609,0.9044263362884521,0.0008680820465087891,36.76470588235294,0.9795690459363601,0.9901368381345973,-0.01056779219823725,-0.004849855075864231
vit_base_patch16_224,0,cosine,l2_only,position_only,cls,12,72,4,56,5.0,0,0.0,layer_6,50.0,0.8506268411874771,0.8452402800321579,0.005386561155319214,35.294117647058826,0.9691538381225923,0.982252275242525,-0.013098437119932735,-0.0038559379823067605
vit_base_patch16_224,0,cosine,l2_only,position_only,cls,12,72,6,56,5.0,0,0.0,layer_0,83.33333333333334,0.9417064189910889,0.9412676692008972,0.0004387497901916504,51.515151515151516,0.9993782449852336,0.9993853930271033,-7.1480418696548e-06,0.0002158008741609978
vit_base_patch16_224,0,cosine,l2_only,position_only,cls,12,72,6,56,5.0,0,0.0,layer_11,33.33333333333333,0.9059987763563792,0.9070763985315958,-0.0010776221752166748,31.818181818181817,0.978794274005023,0.9915362370736671,-0.012741963068644205,-0.00690979262193044
vit_base_patch16_224,0,cosine,l2_only,position_only,cls,12,72,6,56,5.0,0,0.0,layer_6,50.0,0.8505645394325256,0.8505983054637909,-3.376603126525879e-05,33.33333333333333,0.9697478684512052,0.9835032612988444,-0.013755392847639141,-0.0068945794394522
vit_base_patch16_224,0,cosine,l2_only,position_only,cls,12,72,2,56,5.0,2,0.0,layer_0,100.0,0.9392099976539612,0.9387286305427551,0.0004813671112060547,75.71428571428571,0.999299966437476,0.9991068984780993,0.00019306795937674387,0.00033721753529139927
vit_base_patch16_224,0,cosine,l2_only,position_only,cls,12,72,2,56,5.0,2,0.0,layer_11,50.0,0.9079826772212982,0.8999420404434204,0.008040636777877808,52.85714285714286,0.979846578836441,0.97904651761055,0.0008000612258911132,0.00442034900188446
vit_base_patch16_224,0,cosine,l2_only,position_only,cls,12,72,2,56,5.0,2,0.0,layer_6,50.0,0.8450804352760315,0.8287535607814789,0.016326874494552612,51.42857142857142,0.9695373901299068,0.9689634016581944,0.0005739884717123849,0.008450431483132499
vit_base_patch16_224,0,cosine,l2_only,position_only,cls,12,72,4,56,5.0,2,0.0,layer_0,75.0,0.9402306079864502,0.9399094134569168,0.00032119452953338623,60.29411764705882,0.9993416842292336,0.9992929022101795,4.8782019054188445e-05,0.00018498827429378733
vit_base_patch16_224,0,cosine,l2_only,position_only,cls,12,72,4,56,5.0,2,0.0,layer_11,25.0,0.9010843634605408,0.9069725871086121,-0.005888223648071289,36.76470588235294,0.9795690459363601,0.9901368381345973,-0.01056779219823725,-0.00822800792315427
vit_base_patch16_224,0,cosine,l2_only,position_only,cls,12,72,4,56,5.0,2,0.0,layer_6,25.0,0.8345299661159515,0.8382485657930374,-0.0037185996770858765,35.294117647058826,0.9691538381225923,0.982252275242525,-0.013098437119932735,-0.008408518398509306
vit_base_patch16_224,0,cosine,l2_only,position_only,cls,12,72,6,56,5.0,2,0.0,layer_0,83.33333333333334,0.9407708048820496,0.9404115080833435,0.0003592967987060547,51.515151515151516,0.9993782449852336,0.9993853930271033,-7.1480418696548e-06,0.00017607437841819996
vit_base_patch16_224,0,cosine,l2_only,position_only,cls,12,72,6,56,5.0,2,0.0,layer_11,16.666666666666664,0.9019717276096344,0.9076269368330637,-0.005655209223429362,31.818181818181817,0.978794274005023,0.9915362370736671,-0.012741963068644205,-0.009198586146036783
vit_base_patch16_224,0,cosine,l2_only,position_only,cls,12,72,6,56,5.0,2,0.0,layer_6,33.33333333333333,0.8384273846944174,0.8435202836990356,-0.005092899004618327,33.33333333333333,0.9697478684512052,0.9835032612988444,-0.013755392847639141,-0.009424145926128735
vit_base_patch16_224,0,cosine,l2_only,position_only,mean_tokens,12,72,2,56,0.0,0,0.0,layer_0,100.0,1.0000000596046448,0.9993148446083069,0.0006852149963378906,75.71428571428571,0.999299966437476,0.9991068984780993,0.00019306795937674387,0.00043914147785731724
vit_base_patch16_224,0,cosine,l2_only,position_only,mean_tokens,12,72,2,56,0.0,0,0.0,layer_11,100.0,1.0,0.9702085852622986,0.029791414737701416,52.85714285714286,0.979846578836441,0.97904651761055,0.0008000612258911132,0.015295737981796264
vit_base_patch16_224,0,cosine,l2_only,position_only,mean_tokens,12,72,2,56,0.0,0,0.0,layer_6,100.0,1.0000000596046448,0.9657242894172668,0.03427577018737793,51.42857142857142,0.9695373901299068,0.9689634016581944,0.0005739884717123849,0.017424879329545156
vit_base_patch16_224,0,cosine,l2_only,position_only,mean_tokens,12,72,4,56,0.0,0,0.0,layer_0,100.0,1.0000000298023224,0.9994332492351532,0.0005667805671691895,60.29411764705882,0.9993416842292336,0.9992929022101795,4.8782019054188445e-05,0.00030778129311168897
vit_base_patch16_224,0,cosine,l2_only,position_only,mean_tokens,12,72,4,56,0.0,0,0.0,layer_11,100.0,1.0000000298023224,0.9904516041278839,0.009548425674438477,36.76470588235294,0.9795690459363601,0.9901368381345973,-0.01056779219823725,-0.0005096832618993871
vit_base_patch16_224,0,cosine,l2_only,position_only,mean_tokens,12,72,4,56,0.0,0,0.0,layer_6,100.0,1.0000000596046448,0.9847540855407715,0.015245974063873291,35.294117647058826,0.9691538381225923,0.982252275242525,-0.013098437119932735,0.001073768471970278
vit_base_patch16_224,0,cosine,l2_only,position_only,mean_tokens,12,72,6,56,0.0,0,0.0,layer_0,100.0,1.00000003973643,0.9993661542733511,0.0006338854630788168,51.515151515151516,0.9993782449852336,0.9993853930271033,-7.1480418696548e-06,0.000313368710604581
vit_base_patch16_224,0,cosine,l2_only,position_only,mean_tokens,12,72,6,56,0.0,0,0.0,layer_11,100.0,1.00000003973643,0.9926039079825083,0.007396131753921509,31.818181818181817,0.978794274005023,0.9915362370736671,-0.012741963068644205,-0.002672915657361348
vit_base_patch16_224,0,cosine,l2_only,position_only,mean_tokens,12,72,6,56,0.0,0,0.0,layer_6,100.0,1.0000000596046448,0.9875613550345103,0.012438704570134481,33.33333333333333,0.9697478684512052,0.9835032612988444,-0.013755392847639141,-0.0006583441387523299
vit_base_patch16_224,0,cosine,l2_only,position_only,mean_tokens,12,72,2,56,0.0,2,0.0,layer_0,100.0,0.9998137950897217,0.9993439018726349,0.000469893217086792,75.71428571428571,0.999299966437476,0.9991068984780993,0.00019306795937674387,0.0003314805882317679
vit_base_patch16_224,0,cosine,l2_only,position_only,mean_tokens,12,72,2,56,0.0,2,0.0,layer_11,100.0,0.98937126994133,0.9658212065696716,0.023550063371658325,52.85714285714286,0.979846578836441,0.97904651761055,0.0008000612258911132,0.012175062298774719
vit_base_patch16_224,0,cosine,l2_only,position_only,mean_tokens,12,72,2,56,0.0,2,0.0,layer_6,100.0,0.9847328960895538,0.948770135641098,0.03596276044845581,51.42857142857142,0.9695373901299068,0.9689634016581944,0.0005739884717123849,0.018268374460084096
vit_base_patch16_224,0,cosine,l2_only,position_only,mean_tokens,12,72,4,56,0.0,2,0.0,layer_0,100.0,0.9998781979084015,0.9995508044958115,0.00032739341259002686,60.29411764705882,0.9993416842292336,0.9992929022101795,4.8782019054188445e-05,0.00018808771582210765
vit_base_patch16_224,0,cosine,l2_only,position_only,mean_tokens,12,72,4,56,0.0,2,0.0,layer_11,75.0,0.9902418851852417,0.9853280037641525,0.004913881421089172,36.76470588235294,0.9795690459363601,0.9901368381345973,-0.01056779219823725,-0.002826955388574039
vit_base_patch16_224,0,cosine,l2_only,position_only,mean_tokens,12,72,4,56,0.0,2,0.0,layer_6,100.0,0.9845914989709854,0.9775874763727188,0.0070040225982666016,35.294117647058826,0.9691538381225923,0.982252275242525,-0.013098437119932735,-0.0030472072608330666
vit_base_patch16_224,0,cosine,l2_only,position_only,mean_tokens,12,72,6,56,0.0,2,0.0,layer_0,100.0,0.9998339811960856,0.9994798898696899,0.0003540913263956706,51.515151515151516,0.9993782449852336,0.9993853930271033,-7.1480418696548e-06,0.0001734716422630079
vit_base_patch16_224,0,cosine,l2_only,position_only,mean_tokens,12,72,6,56,0.0,2,0.0,layer_11,66.66666666666666,0.9926108121871948,0.9899042646090189,0.0027065475781758628,31.818181818181817,0.978794274005023,0.9915362370736671,-0.012741963068644205,-0.005017707745234171
vit_base_patch16_224,0,cosine,l2_only,position_only,mean_tokens,12,72,6,56,0.0,2,0.0,layer_6,100.0,0.9882539113362631,0.9828719993432363,0.005381911993026733,33.33333333333333,0.9697478684512052,0.9835032612988444,-0.013755392847639141,-0.004186740427306204
vit_base_patch16_224,0,cosine,l2_only,position_only,mean_tokens,12,72,2,56,5.0,0,0.0,layer_0,100.0,0.9398709833621979,0.9392127394676208,0.0006582438945770264,75.71428571428571,0.999299966437476,0.9991068984780993,0.00019306795937674387,0.0004256559269768851
vit_base_patch16_224,0,cosine,l2_only,position_only,mean_tokens,12,72,2,56,5.0,0,0.0,layer_11,100.0,0.9045529961585999,0.8847457468509674,0.019807249307632446,52.85714285714286,0.979846578836441,0.97904651761055,0.0008000612258911132,0.01030365526676178
vit_base_patch16_224,0,cosine,l2_only,position_only,mean_tokens,12,72,2,56,5.0,0,0.0,layer_6,100.0,0.851326584815979,0.8281688392162323,0.023157745599746704,51.42857142857142,0.9695373901299068,0.9689634016581944,0.0005739884717123849,0.011865867035729545
vit_base_patch16_224,0,cosine,l2_only,position_only,mean_tokens,12,72,4,56,5.0,0,0.0,layer_0,75.0,0.9412814825773239,0.9408525824546814,0.0004289001226425171,60.29411764705882,0.9993416842292336,0.9992929022101795,4.8782019054188445e-05,0.00023884107084835276
vit_base_patch16_224,0,cosine,l2_only,position_only,mean_tokens,12,72,4,56,5.0,0,0.0,layer_11,50.0,0.9052944183349609,0.9044263362884521,0.0008680820465087891,36.76470588235294,0.9795690459363601,0.9901368381345973,-0.01056779219823725,-0.004849855075864231
vit_base_patch16_224,0,cosine,l2_only,position_only,mean_tokens,12,72,4,56,5.0,0,0.0,layer_6,50.0,0.8506268411874771,0.8452402800321579,0.005386561155319214,35.294117647058826,0.9691538381225923,0.982252275242525,-0.013098437119932735,-0.0038559379823067605
vit_base_patch16_224,0,cosine,l2_only,position_only,mean_tokens,12,72,6,56,5.0,0,0.0,layer_0,83.33333333333334,0.9417064189910889,0.9412676692008972,0.0004387497901916504,51.515151515151516,0.9993782449852336,0.9993853930271033,-7.1480418696548e-06,0.0002158008741609978
vit_base_patch16_224,0,cosine,l2_only,position_only,mean_tokens,12,72,6,56,5.0,0,0.0,layer_11,33.33333333333333,0.9059987763563792,0.9070763985315958,-0.0010776221752166748,31.818181818181817,0.978794274005023,0.9915362370736671,-0.012741963068644205,-0.00690979262193044
vit_base_patch16_224,0,cosine,l2_only,position_only,mean_tokens,12,72,6,56,5.0,0,0.0,layer_6,50.0,0.8505645394325256,0.8505983054637909,-3.376603126525879e-05,33.33333333333333,0.9697478684512052,0.9835032612988444,-0.013755392847639141,-0.0068945794394522
vit_base_patch16_224,0,cosine,l2_only,position_only,mean_tokens,12,72,2,56,5.0,2,0.0,layer_0,100.0,0.9392099976539612,0.9387286305427551,0.0004813671112060547,75.71428571428571,0.999299966437476,0.9991068984780993,0.00019306795937674387,0.00033721753529139927
vit_base_patch16_224,0,cosine,l2_only,position_only,mean_tokens,12,72,2,56,5.0,2,0.0,layer_11,50.0,0.9079826772212982,0.8999420404434204,0.008040636777877808,52.85714285714286,0.979846578836441,0.97904651761055,0.0008000612258911132,0.00442034900188446
vit_base_patch16_224,0,cosine,l2_only,position_only,mean_tokens,12,72,2,56,5.0,2,0.0,layer_6,50.0,0.8450804352760315,0.8287535607814789,0.016326874494552612,51.42857142857142,0.9695373901299068,0.9689634016581944,0.0005739884717123849,0.008450431483132499
vit_base_patch16_224,0,cosine,l2_only,position_only,mean_tokens,12,72,4,56,5.0,2,0.0,layer_0,75.0,0.9402306079864502,0.9399094134569168,0.00032119452953338623,60.29411764705882,0.9993416842292336,0.9992929022101795,4.8782019054188445e-05,0.00018498827429378733
vit_base_patch16_224,0,cosine,l2_only,position_only,mean_tokens,12,72,4,56,5.0,2,0.0,layer_11,25.0,0.9010843634605408,0.9069725871086121,-0.005888223648071289,36.76470588235294,0.9795690459363601,0.9901368381345973,-0.01056779219823725,-0.00822800792315427
vit_base_patch16_224,0,cosine,l2_only,position_only,mean_tokens,12,72,4,56,5.0,2,0.0,layer_6,25.0,0.8345299661159515,0.8382485657930374,-0.0037185996770858765,35.294117647058826,0.9691538381225923,0.982252275242525,-0.013098437119932735,-0.008408518398509306
vit_base_patch16_224,0,cosine,l2_only,position_only,mean_tokens,12,72,6,56,5.0,2,0.0,layer_0,83.33333333333334,0.9407708048820496,0.9404115080833435,0.0003592967987060547,51.515151515151516,0.9993782449852336,0.9993853930271033,-7.1480418696548e-06,0.00017607437841819996
vit_base_patch16_224,0,cosine,l2_only,position_only,mean_tokens,12,72,6,56,5.0,2,0.0,layer_11,16.666666666666664,0.9019717276096344,0.9076269368330637,-0.005655209223429362,31.818181818181817,0.978794274005023,0.9915362370736671,-0.012741963068644205,-0.009198586146036783
vit_base_patch16_224,0,cosine,l2_only,position_only,mean_tokens,12,72,6,56,5.0,2,0.0,layer_6,33.33333333333333,0.8384273846944174,0.8435202836990356,-0.005092899004618327,33.33333333333333,0.9697478684512052,0.9835032612988444,-0.013755392847639141,-0.009424145926128735
